Date,Silver_Price,Gold_Price,USD_Rate,Inflation
2018-01-01,32.5,1300.55,40.01,2.43
2018-01-02,33.68,1300.46,40.09,2.76
2018-01-03,33.4,1301.16,40.28,3.34
2018-01-04,33.13,1302.73,40.09,2.21
2018-01-05,33.18,1302.55,40.12,1.71
2018-01-06,33.42,1302.36,39.94,2.91
2018-01-07,31.76,1303.99,40.0,1.81
2018-01-08,33.2,1304.81,39.83,2.28
2018-01-09,33.1,1304.39,39.76,2.37
2018-01-10,33.8,1304.98,39.57,2.47
2018-01-11,33.14,1304.57,39.71,2.84
2018-01-12,33.44,1304.15,39.89,2.16
2018-01-13,34.32,1304.44,39.86,2.36
2018-01-14,34.02,1302.58,39.87,2.49
2018-01-15,33.92,1300.91,39.59,2.57
2018-01-16,33.21,1300.39,39.54,2.55
2018-01-17,33.72,1299.43,39.54,2.72
2018-01-18,33.39,1299.79,40.08,2.92
2018-01-19,33.37,1298.94,39.87,2.7
2018-01-20,33.69,1297.57,40.17,2.73
2018-01-21,33.23,1299.09,40.38,1.71
2018-01-22,34.27,1298.91,40.44,2.53
2018-01-23,33.49,1299.03,40.81,2.74
2018-01-24,33.86,1297.66,40.89,2.86
2018-01-25,34.28,1297.16,40.98,2.15
2018-01-26,34.07,1297.32,40.98,2.17
2018-01-27,32.86,1296.22,41.23,2.21
2018-01-28,33.82,1296.65,41.46,2.77
2018-01-29,34.0,1296.1,41.35,3.02
2018-01-30,33.99,1295.86,41.09,2.3
2018-01-31,32.98,1295.3,41.06,2.95
2018-02-01,33.22,1297.21,40.91,2.56
2018-02-02,34.05,1297.24,40.91,2.44
2018-02-03,33.18,1296.23,41.17,2.39
2018-02-04,33.42,1297.11,41.09,2.87
2018-02-05,34.34,1295.94,41.09,2.66
2018-02-06,33.53,1296.2,41.11,3.64
2018-02-07,33.18,1294.29,41.29,2.07
2018-02-08,33.04,1293.01,40.85,2.76
2018-02-09,33.64,1293.25,40.74,2.24
2018-02-10,32.82,1294.04,40.79,2.07
2018-02-11,33.39,1294.26,41.04,2.49
2018-02-12,33.67,1294.2,40.95,2.57
2018-02-13,34.12,1293.95,40.59,3.96
2018-02-14,33.79,1292.52,40.72,2.41
2018-02-15,33.08,1291.85,40.6,1.93
2018-02-16,34.0,1291.44,40.38,2.64
2018-02-17,33.26,1292.55,40.26,1.5
2018-02-18,32.8,1292.94,40.23,2.45
2018-02-19,33.29,1291.23,40.12,2.51
2018-02-20,34.06,1291.6,39.69,2.9
2018-02-21,33.44,1291.27,39.88,2.99
2018-02-22,33.38,1290.64,40.15,2.25
2018-02-23,34.22,1291.3,40.29,2.42
2018-02-24,32.68,1292.38,40.07,2.12
2018-02-25,32.76,1293.36,40.04,1.94
2018-02-26,32.59,1292.57,40.05,2.65
2018-02-27,33.59,1292.31,40.18,1.86
2018-02-28,33.51,1292.7,40.32,2.29
2018-03-01,34.2,1293.72,40.18,2.0
2018-03-02,33.54,1293.29,40.21,2.77
2018-03-03,33.23,1293.16,40.31,3.4
2018-03-04,33.44,1292.1,40.61,1.85
2018-03-05,33.5,1290.95,40.76,1.57
2018-03-06,32.63,1291.82,40.93,2.44
2018-03-07,34.85,1293.22,40.96,2.51
2018-03-08,33.78,1293.2,41.25,2.61
2018-03-09,33.65,1294.25,41.34,2.28
2018-03-10,33.85,1294.67,41.18,2.4
2018-03-11,33.91,1294.07,41.47,2.68
2018-03-12,33.51,1294.48,41.62,3.02
2018-03-13,33.28,1296.07,41.54,1.52
2018-03-14,33.89,1296.08,41.46,2.32
2018-03-15,33.81,1297.7,41.52,2.61
2018-03-16,33.18,1295.13,41.63,2.04
2018-03-17,34.32,1296.0,41.68,3.37
2018-03-18,33.76,1296.14,41.75,2.18
2018-03-19,34.01,1295.89,42.1,2.48
2018-03-20,34.37,1296.03,42.32,2.78
2018-03-21,33.66,1294.09,42.37,2.2
2018-03-22,33.82,1293.92,42.57,1.58
2018-03-23,34.06,1294.33,42.37,2.29
2018-03-24,33.32,1295.86,42.46,3.01
2018-03-25,33.74,1295.39,42.83,2.33
2018-03-26,33.76,1294.63,42.8,2.08
2018-03-27,33.2,1294.18,42.64,2.96
2018-03-28,34.84,1295.15,42.52,2.33
2018-03-29,32.96,1295.52,42.31,2.24
2018-03-30,32.99,1295.04,42.17,2.57
2018-03-31,34.3,1295.61,42.1,2.89
2018-04-01,33.98,1295.75,41.83,3.69
2018-04-02,33.12,1296.77,41.84,2.91
2018-04-03,33.95,1296.12,42.03,3.08
2018-04-04,34.36,1295.84,41.86,2.25
2018-04-05,33.64,1295.5,42.18,1.99
2018-04-06,34.94,1294.09,42.29,2.53
2018-04-07,32.81,1294.43,42.51,2.55
2018-04-08,34.01,1294.74,42.38,1.96
2018-04-09,34.26,1294.8,42.56,2.41
2018-04-10,34.1,1294.62,42.36,2.7
2018-04-11,33.55,1293.25,42.54,2.68
2018-04-12,33.51,1292.88,42.59,2.75
2018-04-13,33.88,1292.59,42.71,2.65
2018-04-14,34.03,1291.83,42.48,2.25
2018-04-15,33.91,1291.72,42.32,2.24
2018-04-16,34.15,1292.18,42.44,1.9
2018-04-17,33.13,1294.11,42.27,3.39
2018-04-18,33.54,1294.34,42.37,2.51
2018-04-19,33.16,1294.65,42.1,2.39
2018-04-20,33.45,1294.62,42.28,2.04
2018-04-21,34.1,1292.75,42.05,3.97
2018-04-22,33.66,1292.78,42.17,1.96
2018-04-23,34.93,1292.89,42.3,2.29
2018-04-24,33.75,1295.4,42.17,2.71
2018-04-25,33.69,1295.26,42.3,2.8
2018-04-26,33.72,1295.61,42.36,2.98
2018-04-27,33.34,1295.62,42.26,3.4
2018-04-28,33.6,1294.5,42.07,2.75
2018-04-29,34.17,1295.7,41.69,1.97
2018-04-30,33.68,1296.5,41.77,2.37
2018-05-01,33.21,1297.34,41.47,2.65
2018-05-02,33.13,1296.48,41.5,3.53
2018-05-03,33.39,1297.93,41.45,1.8
2018-05-04,33.65,1296.58,41.6,3.1
2018-05-05,34.21,1297.22,41.55,2.59
2018-05-06,32.97,1299.46,41.49,2.92
2018-05-07,33.48,1298.52,41.65,2.45
2018-05-08,33.71,1298.0,41.73,2.08
2018-05-09,32.74,1298.15,41.8,2.88
2018-05-10,33.24,1297.7,41.9,2.83
2018-05-11,33.26,1296.2,41.61,2.99
2018-05-12,33.22,1296.32,41.77,2.49
2018-05-13,33.72,1295.3,41.9,2.2
2018-05-14,33.53,1295.83,41.71,1.72
2018-05-15,33.31,1294.96,41.67,2.91
2018-05-16,33.83,1296.56,41.67,2.71
2018-05-17,34.46,1295.83,41.65,2.02
2018-05-18,34.43,1295.55,41.73,2.23
2018-05-19,32.69,1296.42,42.03,2.27
2018-05-20,33.94,1295.24,42.25,1.76
2018-05-21,33.54,1295.51,42.0,2.09
2018-05-22,33.74,1296.87,42.13,1.93
2018-05-23,33.47,1295.31,42.41,2.29
2018-05-24,33.74,1295.55,42.5,2.13
2018-05-25,33.79,1295.86,42.73,1.69
2018-05-26,33.47,1296.69,43.14,3.51
2018-05-27,33.32,1295.5,43.35,3.13
2018-05-28,33.53,1294.23,43.41,2.11
2018-05-29,33.9,1294.8,43.63,2.64
2018-05-30,34.09,1295.15,43.67,2.71
2018-05-31,34.23,1295.45,43.69,3.1
2018-06-01,33.55,1295.85,43.63,2.09
2018-06-02,33.97,1295.22,43.95,3.05
2018-06-03,34.29,1295.5,43.79,2.23
2018-06-04,34.43,1295.84,44.11,1.83
2018-06-05,33.82,1295.18,44.22,2.86
2018-06-06,33.74,1297.09,43.95,3.15
2018-06-07,33.96,1297.62,44.03,3.79
2018-06-08,33.23,1296.48,43.62,1.9
2018-06-09,33.74,1297.18,43.76,2.85
2018-06-10,34.21,1296.26,43.95,2.3
2018-06-11,34.16,1297.1,43.84,2.89
2018-06-12,33.73,1298.3,43.87,1.76
2018-06-13,34.0,1297.53,44.27,1.87
2018-06-14,33.48,1298.55,44.18,2.11
2018-06-15,34.23,1299.01,43.98,2.54
2018-06-16,33.89,1299.88,44.29,2.18
2018-06-17,33.86,1301.83,44.69,2.83
2018-06-18,33.81,1301.63,44.7,3.01
2018-06-19,33.97,1300.93,44.91,2.8
2018-06-20,33.8,1300.09,45.19,3.31
2018-06-21,34.32,1299.32,45.05,2.71
2018-06-22,33.79,1299.3,44.97,1.89
2018-06-23,34.81,1299.69,45.22,3.18
2018-06-24,34.79,1300.02,45.57,2.2
2018-06-25,33.64,1300.89,45.69,2.96
2018-06-26,34.1,1300.96,45.53,3.29
2018-06-27,33.8,1302.46,45.93,2.73
2018-06-28,33.95,1302.24,45.84,1.75
2018-06-29,35.15,1305.01,45.78,2.04
2018-06-30,34.02,1305.69,45.86,3.16
2018-07-01,34.37,1304.88,46.18,2.42
2018-07-02,34.46,1303.86,46.36,2.54
2018-07-03,33.71,1304.39,46.45,2.88
2018-07-04,33.79,1304.22,46.56,2.85
2018-07-05,33.63,1304.99,46.57,2.64
2018-07-06,33.81,1305.51,46.7,2.4
2018-07-07,32.78,1305.49,46.2,2.34
2018-07-08,34.46,1304.69,46.15,2.93
2018-07-09,35.2,1303.22,46.21,2.78
2018-07-10,34.22,1302.83,45.99,2.37
2018-07-11,33.46,1303.73,46.08,3.04
2018-07-12,33.84,1304.0,46.04,2.44
2018-07-13,33.95,1302.8,46.41,2.07
2018-07-14,33.71,1303.03,46.73,2.12
2018-07-15,34.65,1303.46,46.65,2.01
2018-07-16,34.61,1302.63,46.63,2.36
2018-07-17,33.63,1302.83,46.62,3.12
2018-07-18,34.56,1302.94,46.54,2.1
2018-07-19,34.95,1301.85,46.59,2.59
2018-07-20,35.13,1302.25,46.45,2.17
2018-07-21,35.6,1302.86,46.23,2.37
2018-07-22,33.75,1304.0,46.37,1.74
2018-07-23,35.64,1305.1,46.5,2.39
2018-07-24,34.01,1303.77,46.35,2.4
2018-07-25,33.9,1302.89,46.54,2.77
2018-07-26,34.36,1303.45,46.43,2.61
2018-07-27,33.92,1304.01,46.49,1.9
2018-07-28,34.43,1304.58,46.66,3.04
2018-07-29,33.63,1308.48,46.66,2.61
2018-07-30,34.19,1309.1,46.76,2.6
2018-07-31,34.96,1310.29,46.67,2.5
2018-08-01,34.31,1311.29,46.64,2.24
2018-08-02,34.41,1311.99,46.61,2.61
2018-08-03,34.56,1311.73,46.47,2.74
2018-08-04,34.92,1312.54,46.45,1.63
2018-08-05,33.46,1311.82,46.15,2.23
2018-08-06,34.57,1311.63,46.06,2.37
2018-08-07,34.13,1311.19,46.01,2.63
2018-08-08,34.35,1311.32,45.97,3.1
2018-08-09,34.83,1313.69,45.93,2.11
2018-08-10,33.67,1311.87,45.93,2.25
2018-08-11,33.79,1312.61,46.04,2.24
2018-08-12,33.32,1311.05,46.22,2.1
2018-08-13,33.99,1310.62,46.1,2.33
2018-08-14,34.93,1311.76,45.87,2.89
2018-08-15,34.18,1311.88,45.67,1.97
2018-08-16,33.55,1310.85,45.58,2.71
2018-08-17,33.96,1310.18,45.52,1.65
2018-08-18,33.46,1310.91,45.38,2.22
2018-08-19,33.6,1310.23,45.13,2.34
2018-08-20,34.36,1310.5,45.05,3.34
2018-08-21,33.58,1310.6,45.1,2.36
2018-08-22,34.73,1309.99,45.22,1.5
2018-08-23,34.16,1312.19,45.12,1.5
2018-08-24,34.24,1312.87,45.05,2.52
2018-08-25,34.01,1310.9,44.87,2.81
2018-08-26,34.54,1311.13,44.88,2.69
2018-08-27,34.52,1310.52,44.72,2.58
2018-08-28,34.32,1311.42,44.84,3.08
2018-08-29,34.39,1310.68,44.5,2.23
2018-08-30,34.0,1310.62,44.43,2.95
2018-08-31,34.39,1311.17,44.5,1.68
2018-09-01,33.97,1312.09,44.55,2.05
2018-09-02,34.18,1310.94,45.1,1.6
2018-09-03,34.04,1310.65,45.18,2.36
2018-09-04,33.92,1310.23,44.99,2.48
2018-09-05,33.8,1309.62,44.98,2.56
2018-09-06,34.37,1311.44,44.63,2.53
2018-09-07,34.8,1311.89,44.63,2.04
2018-09-08,34.69,1310.68,44.47,2.4
2018-09-09,33.51,1311.65,44.67,1.75
2018-09-10,34.81,1313.82,44.57,3.18
2018-09-11,34.02,1314.91,44.55,2.35
2018-09-12,34.45,1313.44,44.43,2.26
2018-09-13,33.72,1313.0,44.79,3.29
2018-09-14,34.26,1314.32,44.74,1.88
2018-09-15,34.37,1313.66,45.11,1.94
2018-09-16,33.5,1314.16,45.29,1.95
2018-09-17,34.57,1314.98,45.39,2.47
2018-09-18,34.93,1314.1,45.48,2.72
2018-09-19,34.18,1314.09,45.57,2.87
2018-09-20,34.86,1310.9,45.19,3.79
2018-09-21,34.07,1309.93,45.15,1.5
2018-09-22,34.6,1309.73,45.32,2.8
2018-09-23,33.05,1308.53,45.32,2.22
2018-09-24,35.37,1310.21,45.05,2.21
2018-09-25,34.89,1308.83,45.05,2.19
2018-09-26,34.02,1308.44,45.4,2.05
2018-09-27,33.21,1308.62,45.66,3.34
2018-09-28,34.36,1310.11,45.66,2.92
2018-09-29,33.5,1308.73,45.86,2.51
2018-09-30,34.45,1309.94,45.8,3.18
2018-10-01,34.4,1310.0,45.47,1.74
2018-10-02,33.69,1309.07,45.29,1.83
2018-10-03,34.77,1309.58,45.61,1.5
2018-10-04,34.61,1309.83,45.57,2.15
2018-10-05,34.68,1309.28,45.53,2.58
2018-10-06,34.19,1309.4,45.48,2.55
2018-10-07,33.52,1309.06,45.87,2.57
2018-10-08,34.75,1309.23,46.21,1.79
2018-10-09,34.18,1309.94,46.66,2.9
2018-10-10,33.64,1311.57,46.64,2.62
2018-10-11,35.0,1310.39,46.71,2.87
2018-10-12,35.38,1312.57,46.41,1.55
2018-10-13,34.31,1310.67,46.72,2.66
2018-10-14,35.39,1310.57,46.5,1.91
2018-10-15,34.37,1311.2,46.55,2.3
2018-10-16,34.12,1311.54,46.34,2.77
2018-10-17,33.97,1310.96,46.23,2.55
2018-10-18,35.09,1310.8,46.08,2.07
2018-10-19,33.86,1310.36,45.96,2.5
2018-10-20,34.6,1309.82,45.87,1.73
2018-10-21,33.96,1310.72,45.77,3.08
2018-10-22,34.03,1311.13,45.94,2.4
2018-10-23,34.75,1310.49,45.73,3.06
2018-10-24,34.06,1311.44,45.79,2.24
2018-10-25,34.08,1311.79,46.04,2.24
2018-10-26,34.85,1312.66,45.95,2.12
2018-10-27,35.08,1313.34,45.81,2.94
2018-10-28,34.59,1312.56,45.78,2.15
2018-10-29,33.96,1312.05,46.02,2.82
2018-10-30,34.04,1312.84,46.07,2.31
2018-10-31,34.34,1313.5,45.98,1.51
2018-11-01,34.47,1313.53,46.08,2.21
2018-11-02,33.8,1313.7,45.87,1.91
2018-11-03,34.69,1315.03,46.02,2.52
2018-11-04,34.37,1314.49,46.11,1.9
2018-11-05,33.47,1315.08,46.06,2.96
2018-11-06,33.85,1314.93,45.9,2.45
2018-11-07,34.04,1314.76,45.73,2.41
2018-11-08,34.29,1315.91,45.85,2.83
2018-11-09,35.31,1316.79,46.11,2.98
2018-11-10,34.48,1317.65,45.99,2.49
2018-11-11,33.97,1319.01,46.09,2.11
2018-11-12,34.46,1319.08,45.68,1.61
2018-11-13,34.18,1319.81,45.58,2.16
2018-11-14,34.51,1319.55,45.58,2.19
2018-11-15,34.63,1319.92,45.41,2.55
2018-11-16,34.93,1319.84,45.23,2.33
2018-11-17,34.3,1319.99,45.11,2.84
2018-11-18,35.15,1320.64,45.18,2.19
2018-11-19,34.77,1319.87,45.15,2.47
2018-11-20,33.95,1322.01,44.71,3.09
2018-11-21,35.35,1321.05,44.3,2.67
2018-11-22,34.38,1319.89,44.19,2.47
2018-11-23,33.83,1321.1,44.29,2.2
2018-11-24,35.03,1321.94,43.75,2.18
2018-11-25,35.24,1322.61,43.66,2.07
2018-11-26,34.19,1323.29,43.56,2.23
2018-11-27,33.98,1323.33,43.85,2.88
2018-11-28,34.13,1322.48,43.78,2.39
2018-11-29,34.58,1322.61,43.87,1.83
2018-11-30,34.86,1321.98,43.91,3.38
2018-12-01,34.48,1323.01,43.49,2.66
2018-12-02,34.26,1322.91,43.65,1.8
2018-12-03,34.95,1322.13,43.71,2.28
2018-12-04,34.05,1321.86,43.82,2.56
2018-12-05,34.81,1322.33,44.61,3.35
2018-12-06,34.1,1321.81,44.21,1.95
2018-12-07,34.49,1321.04,44.56,2.99
2018-12-08,34.21,1321.33,44.52,3.2
2018-12-09,34.25,1321.63,44.58,2.19
2018-12-10,34.09,1321.17,44.58,2.36
2018-12-11,34.93,1320.75,44.51,1.98
2018-12-12,33.89,1321.03,44.41,2.4
2018-12-13,33.87,1319.63,44.48,2.48
2018-12-14,35.25,1318.28,44.19,2.83
2018-12-15,34.69,1317.61,44.35,3.05
2018-12-16,33.0,1317.44,44.27,2.13
2018-12-17,33.89,1317.81,44.06,1.52
2018-12-18,33.28,1319.33,43.98,2.49
2018-12-19,33.75,1320.24,44.24,2.65
2018-12-20,32.65,1320.13,44.14,2.62
2018-12-21,34.16,1320.16,44.22,2.34
2018-12-22,33.63,1319.21,44.09,2.56
2018-12-23,34.24,1319.24,44.25,3.26
2018-12-24,33.41,1319.0,44.4,2.69
2018-12-25,34.31,1319.37,44.78,2.31
2018-12-26,34.05,1318.6,44.75,2.25
2018-12-27,35.03,1319.16,44.9,2.42
2018-12-28,35.01,1320.75,44.92,3.32
2018-12-29,34.72,1320.69,45.19,2.41
2018-12-30,34.16,1321.14,45.06,2.49
2018-12-31,35.34,1321.88,45.22,2.26
2019-01-01,33.57,1321.53,45.19,3.05
2019-01-02,33.64,1321.8,45.19,3.48
2019-01-03,34.31,1321.87,45.22,2.73
2019-01-04,35.48,1322.01,45.28,2.54
2019-01-05,34.24,1321.29,45.26,2.52
2019-01-06,34.26,1321.37,45.32,1.5
2019-01-07,33.67,1321.91,45.64,2.87
2019-01-08,34.91,1323.41,45.85,2.57
2019-01-09,34.95,1324.42,46.03,2.71
2019-01-10,34.89,1326.63,45.95,2.14
2019-01-11,34.15,1325.91,45.78,2.31
2019-01-12,34.15,1326.83,45.98,2.29
2019-01-13,33.88,1327.06,46.17,3.01
2019-01-14,34.63,1329.3,46.47,2.31
2019-01-15,34.02,1328.55,46.36,3.54
2019-01-16,33.96,1327.76,46.33,2.72
2019-01-17,34.3,1327.21,46.01,1.86
2019-01-18,34.23,1325.13,45.94,2.44
2019-01-19,34.22,1324.66,46.15,2.17
2019-01-20,34.7,1323.95,46.07,1.5
2019-01-21,34.52,1324.15,46.21,3.3
2019-01-22,34.34,1324.54,46.18,2.85
2019-01-23,34.61,1326.47,46.25,2.77
2019-01-24,34.02,1327.47,46.03,2.58
2019-01-25,34.56,1326.94,46.06,1.81
2019-01-26,34.51,1326.09,45.47,2.26
2019-01-27,33.69,1326.63,45.44,2.92
2019-01-28,34.89,1325.36,45.13,1.97
2019-01-29,34.01,1327.25,45.38,1.5
2019-01-30,34.53,1328.47,45.54,2.39
2019-01-31,35.07,1328.06,45.65,2.43
2019-02-01,34.95,1326.39,45.96,2.57
2019-02-02,34.51,1327.8,45.78,2.86
2019-02-03,34.35,1327.73,46.14,2.82
2019-02-04,35.04,1329.02,46.34,2.63
2019-02-05,34.88,1327.48,46.3,3.1
2019-02-06,34.25,1326.93,46.54,1.74
2019-02-07,34.14,1326.98,46.33,2.75
2019-02-08,33.49,1327.08,46.17,2.81
2019-02-09,34.58,1326.68,46.06,1.88
2019-02-10,34.47,1327.35,45.96,1.75
2019-02-11,35.04,1326.33,45.76,2.13
2019-02-12,34.67,1326.24,46.02,2.17
2019-02-13,35.16,1326.41,45.98,2.88
2019-02-14,34.16,1326.98,46.06,2.19
2019-02-15,35.08,1327.74,45.95,2.07
2019-02-16,34.2,1326.66,45.6,2.19
2019-02-17,34.83,1325.18,45.66,3.06
2019-02-18,33.7,1326.51,45.29,2.51
2019-02-19,34.55,1326.89,45.29,2.41
2019-02-20,33.4,1326.19,45.02,2.44
2019-02-21,34.33,1327.79,45.43,3.15
2019-02-22,34.7,1327.96,45.62,2.13
2019-02-23,34.24,1329.19,45.65,3.16
2019-02-24,34.01,1329.3,45.92,2.61
2019-02-25,34.97,1331.41,45.76,2.42
2019-02-26,34.53,1333.22,45.88,3.75
2019-02-27,34.34,1333.02,45.93,1.97
2019-02-28,34.63,1334.04,45.99,2.32
2019-03-01,35.96,1334.74,46.25,1.88
2019-03-02,35.26,1336.16,46.41,2.98
2019-03-03,35.26,1335.24,46.48,3.34
2019-03-04,34.87,1335.98,46.16,3.33
2019-03-05,34.74,1337.09,45.97,3.11
2019-03-06,33.43,1335.38,45.96,2.4
2019-03-07,34.27,1334.24,45.99,2.32
2019-03-08,34.32,1332.25,45.77,1.66
2019-03-09,33.67,1332.04,46.26,3.52
2019-03-10,34.07,1332.8,46.58,2.73
2019-03-11,33.7,1334.35,46.71,2.25
2019-03-12,34.67,1334.48,46.73,3.16
2019-03-13,35.12,1336.16,46.7,2.01
2019-03-14,35.23,1334.83,46.52,2.7
2019-03-15,34.86,1333.17,46.55,2.41
2019-03-16,34.18,1333.17,46.61,2.82
2019-03-17,33.67,1333.6,46.37,2.47
2019-03-18,33.77,1333.62,46.45,1.77
2019-03-19,33.98,1331.6,46.42,2.54
2019-03-20,34.13,1331.56,46.05,3.02
2019-03-21,34.46,1330.31,45.89,2.49
2019-03-22,34.04,1331.03,45.82,2.89
2019-03-23,34.76,1331.45,46.21,1.98
2019-03-24,34.47,1330.56,46.33,2.49
2019-03-25,34.56,1330.09,46.07,2.19
2019-03-26,35.12,1329.08,46.18,2.87
2019-03-27,33.93,1329.07,45.88,2.52
2019-03-28,34.77,1330.07,46.1,2.85
2019-03-29,34.53,1329.14,46.02,3.04
2019-03-30,34.38,1329.69,46.01,2.85
2019-03-31,35.01,1329.21,46.29,2.64
2019-04-01,34.97,1328.47,46.04,2.0
2019-04-02,34.03,1328.41,45.77,2.5
2019-04-03,34.39,1327.43,45.66,2.23
2019-04-04,34.63,1326.92,45.88,2.33
2019-04-05,34.31,1325.78,45.59,2.31
2019-04-06,34.71,1327.79,45.03,2.01
2019-04-07,34.55,1327.88,44.95,1.52
2019-04-08,35.33,1327.23,45.07,2.17
2019-04-09,33.68,1327.49,45.32,2.6
2019-04-10,34.37,1327.43,45.24,1.83
2019-04-11,33.97,1327.26,45.17,2.51
2019-04-12,34.76,1327.92,45.41,3.45
2019-04-13,33.63,1328.73,45.04,3.01
2019-04-14,34.59,1328.25,44.97,3.32
2019-04-15,34.1,1327.72,45.02,2.7
2019-04-16,34.06,1327.5,45.12,3.08
2019-04-17,33.66,1325.25,45.03,2.14
2019-04-18,34.13,1323.78,45.05,2.18
2019-04-19,34.88,1325.2,44.56,1.5
2019-04-20,34.33,1326.89,44.44,3.09
2019-04-21,34.67,1326.69,44.54,3.27
2019-04-22,35.18,1327.32,44.35,2.22
2019-04-23,34.48,1327.68,44.37,2.37
2019-04-24,34.13,1330.81,44.47,2.12
2019-04-25,34.65,1331.98,44.41,2.69
2019-04-26,34.15,1331.9,44.46,3.06
2019-04-27,34.14,1331.0,44.28,1.63
2019-04-28,33.61,1329.44,44.24,2.7
2019-04-29,34.85,1329.69,44.38,2.36
2019-04-30,34.18,1328.99,44.42,2.56
2019-05-01,34.44,1327.61,44.31,2.73
2019-05-02,33.82,1327.02,44.37,2.41
2019-05-03,34.56,1325.99,44.52,2.45
2019-05-04,33.95,1327.72,44.12,2.39
2019-05-05,34.3,1328.65,44.36,2.99
2019-05-06,34.8,1328.7,44.3,2.71
2019-05-07,34.79,1330.23,44.4,2.61
2019-05-08,34.41,1330.35,44.65,1.86
2019-05-09,33.5,1329.54,44.38,2.31
2019-05-10,35.89,1331.12,44.25,2.95
2019-05-11,35.27,1331.71,44.2,2.52
2019-05-12,34.73,1330.72,44.06,2.83
2019-05-13,34.02,1330.58,44.41,3.38
2019-05-14,34.31,1329.75,44.25,3.02
2019-05-15,34.07,1328.42,44.15,2.55
2019-05-16,34.99,1329.4,44.2,2.24
2019-05-17,34.5,1331.35,43.97,1.5
2019-05-18,33.95,1330.01,43.9,2.42
2019-05-19,34.12,1330.62,43.98,2.34
2019-05-20,34.9,1330.02,43.92,2.7
2019-05-21,35.13,1329.58,43.91,2.42
2019-05-22,35.08,1329.04,43.82,2.34
2019-05-23,34.65,1328.22,43.52,1.61
2019-05-24,34.16,1328.32,43.6,2.03
2019-05-25,32.69,1327.54,43.96,2.74
2019-05-26,34.46,1327.86,43.97,3.36
2019-05-27,34.32,1327.86,44.03,2.45
2019-05-28,34.4,1327.67,44.18,2.66
2019-05-29,34.32,1326.82,43.93,2.98
2019-05-30,33.66,1326.29,44.28,2.09
2019-05-31,34.62,1327.09,44.33,2.68
2019-06-01,34.7,1327.65,44.67,2.13
2019-06-02,34.7,1326.72,44.53,2.93
2019-06-03,34.87,1326.87,44.91,2.58
2019-06-04,34.72,1327.67,45.07,2.65
2019-06-05,34.2,1326.05,45.19,2.11
2019-06-06,34.39,1326.64,45.25,2.85
2019-06-07,34.46,1326.03,45.21,3.54
2019-06-08,34.5,1326.65,45.46,2.0
2019-06-09,34.94,1325.94,45.5,2.33
2019-06-10,34.7,1324.18,45.11,2.62
2019-06-11,35.37,1322.61,44.9,2.89
2019-06-12,35.43,1322.7,44.87,2.22
2019-06-13,34.38,1323.01,44.94,1.5
2019-06-14,32.41,1322.16,44.94,3.18
2019-06-15,34.98,1322.85,45.2,2.88
2019-06-16,34.03,1321.24,44.82,1.63
2019-06-17,33.9,1321.22,44.86,2.2
2019-06-18,34.05,1320.06,44.5,3.28
2019-06-19,34.03,1319.46,44.66,3.22
2019-06-20,34.56,1319.55,44.66,2.97
2019-06-21,33.48,1318.74,44.75,2.41
2019-06-22,33.7,1318.41,44.59,2.54
2019-06-23,34.45,1319.47,44.85,2.43
2019-06-24,34.6,1318.94,45.07,3.06
2019-06-25,34.64,1319.82,45.2,2.06
2019-06-26,33.91,1318.74,45.18,2.1
2019-06-27,33.83,1319.32,45.31,3.01
2019-06-28,34.08,1320.82,45.18,2.48
2019-06-29,34.43,1318.39,45.36,3.19
2019-06-30,35.08,1317.65,45.7,2.16
2019-07-01,33.34,1318.27,45.92,2.47
2019-07-02,34.24,1318.12,45.78,2.04
2019-07-03,33.7,1318.54,45.87,2.5
2019-07-04,33.51,1317.99,45.62,1.76
2019-07-05,34.83,1318.13,45.74,2.26
2019-07-06,34.63,1318.02,45.84,1.78
2019-07-07,34.56,1319.24,45.48,2.85
2019-07-08,34.78,1319.54,45.26,2.86
2019-07-09,34.08,1319.93,45.21,1.63
2019-07-10,34.09,1319.57,45.16,3.17
2019-07-11,35.37,1319.13,44.93,3.75
2019-07-12,34.16,1318.75,45.02,2.52
2019-07-13,34.66,1319.19,45.08,2.18
2019-07-14,34.29,1318.82,45.05,3.91
2019-07-15,33.35,1319.16,44.91,1.84
2019-07-16,33.31,1321.29,45.13,2.51
2019-07-17,34.09,1322.21,45.47,2.59
2019-07-18,34.9,1321.93,45.38,3.17
2019-07-19,34.77,1323.18,45.27,2.68
2019-07-20,34.84,1322.82,45.38,2.25
2019-07-21,33.85,1320.84,45.31,2.02
2019-07-22,35.14,1319.88,45.3,2.33
2019-07-23,33.83,1318.06,45.45,2.0
2019-07-24,34.38,1317.76,45.08,2.52
2019-07-25,34.3,1317.82,45.36,2.22
2019-07-26,34.24,1319.55,45.38,1.75
2019-07-27,35.0,1319.93,45.31,3.13
2019-07-28,33.97,1319.76,45.3,2.25
2019-07-29,33.67,1320.64,45.3,1.87
2019-07-30,34.28,1318.48,44.97,2.42
2019-07-31,34.11,1318.76,45.28,2.53
2019-08-01,36.01,1319.58,45.29,1.63
2019-08-02,34.65,1318.15,45.39,2.67
2019-08-03,34.14,1319.35,45.59,1.98
2019-08-04,33.81,1319.74,45.4,3.36
2019-08-05,33.4,1319.37,45.5,2.76
2019-08-06,33.83,1320.05,45.46,2.3
2019-08-07,34.46,1322.37,45.64,2.13
2019-08-08,35.08,1322.61,45.22,2.45
2019-08-09,34.93,1322.9,45.21,2.81
2019-08-10,34.46,1322.5,45.1,2.49
2019-08-11,34.18,1321.7,45.2,2.39
2019-08-12,34.5,1322.58,45.3,2.53
2019-08-13,34.08,1321.77,45.17,2.2
2019-08-14,35.19,1321.89,45.04,2.33
2019-08-15,34.23,1321.46,45.03,1.5
2019-08-16,34.27,1321.99,44.86,2.99
2019-08-17,33.23,1322.38,45.04,2.65
2019-08-18,34.25,1323.46,44.97,2.11
2019-08-19,34.7,1323.0,44.4,3.45
2019-08-20,33.74,1322.78,44.34,2.54
2019-08-21,33.87,1321.86,44.14,1.98
2019-08-22,34.6,1321.46,43.82,2.93
2019-08-23,33.45,1321.89,43.59,2.7
2019-08-24,34.73,1322.7,43.62,2.7
2019-08-25,33.95,1321.82,43.89,2.29
2019-08-26,34.04,1322.74,43.97,2.73
2019-08-27,33.69,1324.15,43.85,2.37
2019-08-28,34.45,1324.61,43.96,2.78
2019-08-29,35.52,1326.54,43.87,1.55
2019-08-30,34.65,1325.81,43.74,2.28
2019-08-31,33.79,1324.62,43.52,3.36
2019-09-01,34.73,1322.89,43.18,2.12
2019-09-02,34.02,1324.44,43.12,2.2
2019-09-03,34.88,1325.14,43.16,2.28
2019-09-04,34.6,1325.14,43.15,1.89
2019-09-05,32.72,1325.47,43.07,1.5
2019-09-06,33.65,1324.39,42.9,2.38
2019-09-07,34.68,1326.89,43.03,2.57
2019-09-08,34.26,1327.07,42.77,2.47
2019-09-09,33.69,1327.23,42.94,2.43
2019-09-10,33.88,1328.0,42.75,2.52
2019-09-11,33.24,1328.53,42.61,3.01
2019-09-12,34.12,1328.81,42.32,2.4
2019-09-13,35.25,1328.07,42.23,2.21
2019-09-14,34.58,1328.59,42.44,2.36
2019-09-15,35.31,1330.52,42.55,2.79
2019-09-16,34.7,1331.91,42.76,3.21
2019-09-17,34.8,1333.56,42.87,2.19
2019-09-18,35.25,1333.1,42.66,2.55
2019-09-19,34.43,1332.16,42.61,2.67
2019-09-20,34.13,1332.08,42.46,2.0
2019-09-21,34.77,1332.19,42.74,2.51
2019-09-22,34.98,1333.33,42.51,1.77
2019-09-23,34.0,1331.69,42.7,1.62
2019-09-24,33.93,1333.27,42.88,2.68
2019-09-25,34.39,1333.16,43.26,2.31
2019-09-26,34.73,1332.78,43.19,2.6
2019-09-27,34.71,1331.82,43.34,2.49
2019-09-28,33.62,1330.22,43.81,2.01
2019-09-29,35.29,1331.09,43.69,2.48
2019-09-30,33.99,1331.21,43.4,1.88
2019-10-01,34.12,1329.97,43.03,3.2
2019-10-02,33.8,1328.73,43.18,1.82
2019-10-03,35.56,1328.44,42.82,2.4
2019-10-04,34.35,1330.16,42.75,1.98
2019-10-05,33.81,1329.95,42.85,2.79
2019-10-06,34.65,1328.5,42.9,2.33
2019-10-07,34.61,1328.3,42.99,2.24
2019-10-08,34.13,1328.08,43.05,2.93
2019-10-09,34.63,1325.43,43.31,2.51
2019-10-10,33.78,1325.43,43.13,2.76
2019-10-11,33.93,1325.25,43.01,2.01
2019-10-12,33.17,1325.99,42.86,1.8
2019-10-13,33.56,1327.89,43.04,2.55
2019-10-14,35.16,1329.07,43.23,2.34
2019-10-15,35.09,1328.85,43.33,2.81
2019-10-16,34.31,1327.79,43.57,2.46
2019-10-17,35.12,1330.42,43.35,2.6
2019-10-18,34.25,1330.53,43.69,1.69
2019-10-19,34.24,1330.59,44.01,3.44
2019-10-20,34.4,1330.62,44.16,2.42
2019-10-21,34.35,1330.86,44.53,2.85
2019-10-22,34.27,1330.77,44.21,2.08
2019-10-23,34.94,1330.25,44.11,2.65
2019-10-24,34.42,1329.75,43.98,1.85
2019-10-25,34.72,1329.77,44.13,2.73
2019-10-26,34.85,1329.27,43.93,2.32
2019-10-27,34.53,1328.61,44.09,2.51
2019-10-28,33.88,1328.77,44.38,2.85
2019-10-29,33.7,1328.56,44.53,1.88
2019-10-30,34.49,1330.12,44.59,2.16
2019-10-31,34.27,1327.51,44.4,2.73
2019-11-01,34.4,1328.66,44.25,3.55
2019-11-02,34.39,1329.95,44.51,2.43
2019-11-03,35.68,1327.93,44.67,2.8
2019-11-04,33.72,1327.64,44.67,2.45
2019-11-05,33.37,1327.31,44.6,3.47
2019-11-06,34.48,1325.96,44.2,1.63
2019-11-07,34.09,1325.23,44.0,2.55
2019-11-08,34.46,1324.17,44.39,1.69
2019-11-09,34.6,1325.97,44.15,1.5
2019-11-10,34.97,1326.96,44.19,2.65
2019-11-11,33.61,1328.28,44.41,2.57
2019-11-12,34.07,1329.05,44.17,2.36
2019-11-13,34.56,1327.97,44.21,2.45
2019-11-14,34.74,1327.5,44.41,4.05
2019-11-15,35.46,1328.04,44.42,2.37
2019-11-16,34.88,1326.86,45.01,2.76
2019-11-17,34.35,1327.63,44.68,2.18
2019-11-18,33.96,1327.44,44.9,2.65
2019-11-19,34.11,1327.11,44.88,2.38
2019-11-20,34.13,1327.87,45.04,2.29
2019-11-21,34.77,1328.37,45.14,3.41
2019-11-22,34.55,1328.06,45.01,3.09
2019-11-23,33.78,1329.27,45.06,2.57
2019-11-24,34.18,1328.23,44.7,1.5
2019-11-25,34.86,1328.9,44.83,2.32
2019-11-26,34.61,1329.54,44.9,3.85
2019-11-27,34.73,1329.28,45.04,2.38
2019-11-28,34.66,1329.66,45.26,3.05
2019-11-29,35.27,1328.46,45.34,3.22
2019-11-30,34.6,1329.43,45.38,2.61
2019-12-01,34.27,1329.3,45.22,2.08
2019-12-02,33.98,1328.83,45.08,1.5
2019-12-03,34.61,1329.92,45.33,2.84
2019-12-04,33.28,1329.27,45.63,2.09
2019-12-05,34.39,1327.91,45.59,2.59
2019-12-06,34.35,1326.4,45.61,1.88
2019-12-07,33.77,1327.06,45.44,2.37
2019-12-08,33.99,1325.83,45.68,2.52
2019-12-09,34.9,1327.64,45.83,2.63
2019-12-10,34.62,1325.6,46.22,1.94
2019-12-11,34.57,1327.35,46.06,3.1
2019-12-12,34.67,1327.61,45.99,2.2
2019-12-13,34.56,1327.56,46.05,1.66
2019-12-14,35.15,1327.07,46.19,2.45
2019-12-15,34.59,1327.52,46.16,2.52
2019-12-16,33.78,1327.53,45.99,2.58
2019-12-17,35.36,1328.68,46.18,3.18
2019-12-18,34.75,1328.85,46.33,2.38
2019-12-19,34.26,1329.05,46.16,2.44
2019-12-20,33.95,1328.73,46.44,1.95
2019-12-21,34.8,1328.73,46.68,2.91
2019-12-22,34.55,1329.09,46.72,2.59
2019-12-23,35.37,1327.43,46.75,2.29
2019-12-24,34.41,1326.13,46.87,1.55
2019-12-25,34.16,1326.92,46.71,3.22
2019-12-26,35.03,1327.14,46.72,1.89
2019-12-27,35.0,1327.01,46.3,2.2
2019-12-28,34.64,1327.08,46.49,2.68
2019-12-29,34.87,1327.47,46.18,1.9
2019-12-30,34.54,1326.98,46.49,1.75
2019-12-31,34.65,1326.26,46.44,1.5
2020-01-01,35.12,1326.5,46.41,2.86
2020-01-02,34.83,1325.57,46.29,2.23
2020-01-03,34.43,1326.03,46.24,3.96
2020-01-04,35.2,1324.38,46.54,2.0
2020-01-05,33.3,1325.46,46.05,2.04
2020-01-06,35.55,1325.98,46.31,2.22
2020-01-07,33.68,1326.29,46.39,2.62
2020-01-08,34.21,1327.32,46.16,2.26
2020-01-09,34.51,1329.03,45.96,2.81
2020-01-10,34.51,1330.1,46.3,2.01
2020-01-11,35.04,1328.31,46.12,1.81
2020-01-12,33.97,1327.08,45.9,1.6
2020-01-13,34.64,1326.5,46.14,1.5
2020-01-14,34.23,1326.58,46.22,2.24
2020-01-15,34.66,1327.15,46.04,2.35
2020-01-16,34.47,1326.47,46.09,2.18
2020-01-17,34.54,1326.71,45.9,3.12
2020-01-18,34.23,1326.0,46.13,3.11
2020-01-19,34.26,1325.44,46.35,2.33
2020-01-20,34.65,1324.08,46.47,1.6
2020-01-21,34.97,1323.21,46.55,2.22
2020-01-22,34.22,1321.91,46.91,2.2
2020-01-23,34.07,1320.98,46.92,2.17
2020-01-24,34.81,1322.09,46.69,2.15
2020-01-25,34.48,1321.19,46.79,2.17
2020-01-26,35.0,1323.87,47.22,2.31
2020-01-27,34.12,1324.41,47.03,2.18
2020-01-28,33.68,1324.65,46.97,2.6
2020-01-29,34.3,1323.84,47.06,2.68
2020-01-30,34.19,1324.59,47.06,2.04
2020-01-31,34.51,1324.06,46.87,3.14
2020-02-01,34.26,1324.24,47.11,2.01
2020-02-02,35.03,1326.85,47.58,1.69
2020-02-03,34.52,1326.8,47.63,2.69
2020-02-04,34.74,1328.0,47.46,2.09
2020-02-05,34.7,1327.35,47.16,2.66
2020-02-06,34.73,1327.36,47.22,1.5
2020-02-07,34.67,1329.18,47.45,3.2
2020-02-08,34.94,1328.61,47.56,2.84
2020-02-09,34.32,1330.47,47.57,1.75
2020-02-10,35.41,1331.23,47.46,1.76
2020-02-11,34.57,1330.71,47.25,3.34
2020-02-12,34.06,1331.4,47.43,2.13
2020-02-13,34.84,1332.42,47.62,2.08
2020-02-14,34.3,1333.09,47.32,1.5
2020-02-15,35.07,1331.57,47.65,2.32
2020-02-16,35.85,1330.89,47.77,2.39
2020-02-17,34.37,1330.7,48.06,2.86
2020-02-18,34.91,1330.67,47.8,1.8
2020-02-19,33.85,1331.34,47.54,1.74
2020-02-20,34.95,1331.57,47.52,2.73
2020-02-21,34.27,1330.28,47.63,3.0
2020-02-22,34.45,1330.71,48.0,1.71
2020-02-23,34.24,1331.37,48.15,3.04
2020-02-24,35.16,1331.98,48.11,2.52
2020-02-25,35.29,1333.12,47.92,3.05
2020-02-26,34.84,1334.0,48.17,2.46
2020-02-27,34.38,1334.51,47.99,1.5
2020-02-28,35.64,1334.49,48.33,2.42
2020-02-29,34.45,1332.88,48.28,3.03
2020-03-01,33.78,1333.36,48.61,2.05
2020-03-02,35.11,1333.61,48.75,2.31
2020-03-03,34.33,1333.94,48.74,2.41
2020-03-04,35.35,1332.71,48.64,1.5
2020-03-05,34.64,1331.68,48.58,3.34
2020-03-06,35.16,1332.78,48.68,2.05
2020-03-07,35.56,1332.79,48.71,2.75
2020-03-08,34.26,1333.52,48.6,2.46
2020-03-09,34.58,1333.6,48.57,3.13
2020-03-10,34.83,1333.68,48.6,2.7
2020-03-11,35.61,1334.67,48.18,2.38
2020-03-12,34.51,1334.2,48.29,2.05
2020-03-13,34.53,1334.35,48.1,2.9
2020-03-14,35.04,1333.94,47.88,1.56
2020-03-15,34.47,1333.55,47.55,2.82
2020-03-16,34.8,1333.29,47.2,1.95
2020-03-17,33.92,1333.57,46.94,3.13
2020-03-18,35.79,1333.14,46.81,2.58
2020-03-19,34.06,1334.44,47.21,2.82
2020-03-20,34.55,1333.6,47.12,2.54
2020-03-21,34.7,1333.46,47.16,1.62
2020-03-22,35.68,1333.07,47.25,2.07
2020-03-23,34.08,1334.57,47.29,2.84
2020-03-24,35.74,1334.82,47.28,2.58
2020-03-25,35.12,1335.9,47.05,3.09
2020-03-26,34.96,1334.46,47.35,2.7
2020-03-27,34.3,1334.78,47.72,2.02
2020-03-28,35.06,1335.72,47.4,2.1
2020-03-29,34.4,1335.85,47.2,2.55
2020-03-30,35.4,1336.97,47.16,1.5
2020-03-31,34.26,1336.5,46.97,3.34
2020-04-01,34.72,1337.96,47.09,2.72
2020-04-02,34.52,1340.31,46.95,3.11
2020-04-03,34.35,1339.99,47.39,1.71
2020-04-04,35.23,1339.6,47.64,3.12
2020-04-05,35.15,1341.1,47.69,3.62
2020-04-06,35.54,1342.73,47.91,1.84
2020-04-07,34.06,1342.26,48.14,2.89
2020-04-08,35.46,1341.89,48.04,2.5
2020-04-09,36.17,1341.66,47.88,1.73
2020-04-10,34.67,1340.36,47.91,2.75
2020-04-11,35.85,1339.49,48.09,2.92
2020-04-12,34.76,1338.54,48.13,2.2
2020-04-13,34.16,1337.82,47.82,3.08
2020-04-14,34.68,1337.84,47.67,1.67
2020-04-15,35.36,1338.12,47.67,1.75
2020-04-16,34.44,1339.72,47.66,2.57
2020-04-17,34.59,1338.77,48.07,2.51
2020-04-18,35.17,1339.81,47.8,2.14
2020-04-19,34.89,1339.64,47.91,2.9
2020-04-20,35.21,1339.64,48.22,2.77
2020-04-21,35.09,1340.37,48.68,2.93
2020-04-22,35.19,1339.3,48.61,2.44
2020-04-23,34.75,1339.73,48.72,2.8
2020-04-24,35.1,1339.95,48.85,2.28
2020-04-25,34.53,1340.49,48.89,3.53
2020-04-26,35.65,1340.83,48.88,2.09
2020-04-27,34.73,1343.33,48.98,3.55
2020-04-28,35.55,1342.74,48.49,2.52
2020-04-29,34.88,1342.26,48.63,1.81
2020-04-30,35.09,1341.69,48.67,3.18
2020-05-01,34.73,1341.19,48.63,2.56
2020-05-02,34.51,1340.6,49.05,2.93
2020-05-03,34.15,1341.84,48.93,3.11
2020-05-04,34.51,1343.31,48.86,2.67
2020-05-05,34.91,1342.79,49.26,2.2
2020-05-06,35.15,1342.0,49.11,2.99
2020-05-07,35.54,1342.53,49.01,2.5
2020-05-08,34.81,1342.02,48.99,2.84
2020-05-09,34.62,1342.71,49.17,1.5
2020-05-10,34.34,1342.96,49.22,2.72
2020-05-11,35.26,1341.49,48.97,2.18
2020-05-12,35.73,1343.09,48.87,3.33
2020-05-13,35.68,1344.94,48.76,2.81
2020-05-14,35.4,1344.37,48.76,2.62
2020-05-15,35.37,1344.04,48.85,2.74
2020-05-16,35.91,1344.37,48.95,2.0
2020-05-17,35.2,1344.76,48.6,3.31
2020-05-18,35.39,1345.47,48.82,3.5
2020-05-19,34.94,1347.53,48.88,2.7
2020-05-20,34.45,1347.4,49.17,3.3
2020-05-21,34.78,1346.65,49.27,2.22
2020-05-22,35.13,1345.32,49.5,2.1
2020-05-23,35.16,1344.64,49.6,2.52
2020-05-24,36.12,1344.66,49.88,2.72
2020-05-25,35.24,1346.5,50.0,2.3
2020-05-26,35.78,1346.03,49.99,2.77
2020-05-27,35.02,1346.31,50.45,2.65
2020-05-28,35.1,1346.34,50.64,2.0
2020-05-29,34.63,1347.58,50.76,2.76
2020-05-30,34.93,1350.16,50.52,2.93
2020-05-31,35.54,1349.68,50.27,2.59
2020-06-01,35.28,1349.24,50.34,3.08
2020-06-02,35.76,1350.33,50.38,1.89
2020-06-03,35.38,1351.06,50.27,2.73
2020-06-04,35.15,1352.96,50.3,1.91
2020-06-05,36.44,1353.59,50.63,1.94
2020-06-06,35.33,1353.28,50.78,2.18
2020-06-07,35.95,1353.92,50.56,2.03
2020-06-08,35.18,1355.08,50.55,2.23
2020-06-09,35.73,1355.95,50.4,2.39
2020-06-10,35.84,1356.51,50.33,2.92
2020-06-11,35.49,1357.63,50.26,2.34
2020-06-12,34.22,1358.85,50.17,1.71
2020-06-13,35.41,1360.28,49.93,3.07
2020-06-14,36.02,1360.98,49.92,2.08
2020-06-15,35.66,1360.86,49.82,2.47
2020-06-16,35.56,1361.06,49.24,2.72
2020-06-17,34.54,1362.31,49.66,2.6
2020-06-18,35.05,1361.55,49.89,3.05
2020-06-19,35.62,1361.97,49.82,2.74
2020-06-20,35.61,1361.62,49.84,2.07
2020-06-21,35.99,1361.7,49.61,3.59
2020-06-22,35.37,1363.03,49.96,2.6
2020-06-23,35.69,1363.27,50.35,2.43
2020-06-24,35.5,1363.37,50.39,2.98
2020-06-25,35.0,1362.06,50.61,2.62
2020-06-26,34.38,1362.85,50.65,2.7
2020-06-27,35.71,1363.55,50.39,3.75
2020-06-28,35.61,1365.76,50.32,2.36
2020-06-29,35.21,1365.5,50.36,2.34
2020-06-30,34.7,1365.77,50.28,2.56
2020-07-01,35.83,1366.07,50.24,3.04
2020-07-02,35.41,1367.7,50.24,1.75
2020-07-03,35.82,1367.65,50.23,1.52
2020-07-04,36.48,1367.98,50.25,2.21
2020-07-05,34.46,1368.64,50.05,1.68
2020-07-06,35.17,1368.88,49.91,2.29
2020-07-07,35.39,1368.48,49.67,2.75
2020-07-08,36.25,1368.73,49.87,2.05
2020-07-09,34.68,1369.85,49.46,1.79
2020-07-10,36.47,1368.87,49.7,2.53
2020-07-11,35.6,1369.06,49.99,2.93
2020-07-12,35.47,1368.41,49.94,1.65
2020-07-13,35.39,1369.65,49.43,2.91
2020-07-14,35.24,1368.18,49.37,2.91
2020-07-15,35.98,1367.67,49.36,2.98
2020-07-16,34.9,1368.1,49.17,3.11
2020-07-17,35.63,1369.71,49.08,3.6
2020-07-18,35.29,1369.7,49.39,2.32
2020-07-19,35.11,1369.19,49.54,2.55
2020-07-20,36.8,1371.12,49.36,2.29
2020-07-21,35.66,1369.72,49.05,2.5
2020-07-22,35.72,1367.58,49.0,3.27
2020-07-23,35.99,1368.07,48.96,1.83
2020-07-24,34.71,1367.61,49.07,2.07
2020-07-25,36.27,1366.64,48.98,3.19
2020-07-26,34.17,1367.4,49.09,3.01
2020-07-27,35.08,1367.69,49.49,2.32
2020-07-28,35.24,1367.18,49.66,2.93
2020-07-29,35.75,1365.95,49.66,2.67
2020-07-30,35.58,1366.87,49.63,3.25
2020-07-31,35.39,1367.57,49.57,2.54
2020-08-01,35.49,1367.52,49.82,3.01
2020-08-02,35.02,1369.42,49.7,3.82
2020-08-03,34.75,1368.4,49.72,2.8
2020-08-04,35.84,1366.92,49.74,2.52
2020-08-05,35.81,1366.28,49.65,2.86
2020-08-06,36.23,1366.29,49.39,2.32
2020-08-07,35.05,1366.58,49.46,3.69
2020-08-08,35.79,1366.39,49.46,2.59
2020-08-09,35.32,1366.79,49.57,2.36
2020-08-10,36.03,1365.59,49.47,2.08
2020-08-11,35.99,1367.08,49.73,3.05
2020-08-12,35.57,1367.05,49.56,2.93
2020-08-13,35.34,1368.22,49.91,2.25
2020-08-14,35.97,1368.61,49.57,2.79
2020-08-15,35.83,1369.12,49.67,1.75
2020-08-16,35.18,1369.74,49.78,2.59
2020-08-17,34.85,1370.24,49.63,2.73
2020-08-18,35.39,1370.93,49.72,3.35
2020-08-19,36.34,1372.31,49.99,2.11
2020-08-20,36.12,1372.55,49.55,1.86
2020-08-21,35.01,1373.31,49.67,2.05
2020-08-22,34.93,1373.27,49.18,1.83
2020-08-23,36.16,1374.76,48.99,3.17
2020-08-24,34.98,1374.14,49.33,3.27
2020-08-25,35.82,1375.99,49.22,2.66
2020-08-26,35.23,1376.0,49.0,3.11
2020-08-27,36.32,1374.62,48.97,2.57
2020-08-28,35.18,1374.79,49.39,2.45
2020-08-29,36.09,1374.16,49.04,2.33
2020-08-30,35.6,1375.05,48.84,2.34
2020-08-31,35.66,1374.45,49.14,1.73
2020-09-01,34.58,1374.06,49.53,2.63
2020-09-02,34.43,1372.22,49.52,2.48
2020-09-03,35.39,1371.81,49.28,2.87
2020-09-04,35.64,1369.44,49.71,2.55
2020-09-05,34.96,1367.91,50.04,2.42
2020-09-06,35.0,1368.72,50.18,2.06
2020-09-07,35.83,1369.55,50.03,2.54
2020-09-08,35.83,1370.03,50.03,2.87
2020-09-09,35.47,1369.11,50.01,1.93
2020-09-10,35.94,1369.11,50.08,2.54
2020-09-11,34.99,1369.16,50.38,2.62
2020-09-12,35.4,1368.05,50.57,2.14
2020-09-13,36.4,1369.6,50.36,2.21
2020-09-14,35.66,1370.53,50.65,2.62
2020-09-15,35.69,1370.36,50.72,1.93
2020-09-16,36.8,1370.44,50.87,2.67
2020-09-17,34.98,1370.7,51.17,2.05
2020-09-18,36.02,1368.7,50.96,3.03
2020-09-19,36.46,1368.51,50.96,3.67
2020-09-20,35.44,1367.87,50.87,2.07
2020-09-21,35.99,1366.92,50.56,2.77
2020-09-22,35.07,1366.69,50.64,2.14
2020-09-23,35.3,1368.54,51.16,3.02
2020-09-24,35.81,1369.23,50.8,1.87
2020-09-25,36.01,1368.71,50.8,2.74
2020-09-26,36.19,1369.33,50.94,2.06
2020-09-27,36.44,1370.78,50.97,2.4
2020-09-28,35.64,1371.76,50.96,1.98
2020-09-29,36.25,1371.87,50.71,2.91
2020-09-30,35.47,1371.27,50.77,2.08
2020-10-01,36.09,1372.02,50.63,2.78
2020-10-02,35.71,1372.46,50.2,2.33
2020-10-03,35.87,1373.41,50.45,2.44
2020-10-04,35.89,1374.09,50.65,2.57
2020-10-05,34.89,1375.19,50.67,2.12
2020-10-06,35.13,1374.71,50.72,2.61
2020-10-07,35.79,1376.07,50.95,3.27
2020-10-08,34.9,1376.32,51.0,2.11
2020-10-09,36.21,1378.45,51.2,3.09
2020-10-10,36.22,1377.81,51.15,3.25
2020-10-11,36.0,1379.59,51.42,2.09
2020-10-12,35.29,1379.84,51.49,1.77
2020-10-13,36.53,1379.24,51.54,2.65
2020-10-14,36.83,1378.8,51.3,2.23
2020-10-15,35.89,1378.53,51.36,3.43
2020-10-16,36.06,1379.01,51.21,2.52
2020-10-17,35.9,1379.58,51.09,2.1
2020-10-18,36.04,1379.06,50.94,1.93
2020-10-19,35.7,1379.08,50.73,3.04
2020-10-20,35.82,1381.28,51.17,2.21
2020-10-21,36.34,1383.05,51.45,2.52
2020-10-22,37.11,1383.54,51.84,2.98
2020-10-23,35.21,1383.63,51.6,2.26
2020-10-24,35.87,1383.8,51.63,2.48
2020-10-25,35.31,1384.46,51.38,2.49
2020-10-26,36.67,1383.49,51.25,2.84
2020-10-27,35.56,1383.28,51.08,2.8
2020-10-28,35.14,1381.66,51.34,2.39
2020-10-29,36.18,1382.11,51.27,2.53
2020-10-30,36.76,1382.81,51.49,2.31
2020-10-31,36.23,1382.38,51.62,1.76
2020-11-01,36.07,1384.0,52.09,2.63
2020-11-02,36.13,1382.82,51.81,3.45
2020-11-03,36.64,1381.41,52.07,2.06
2020-11-04,35.52,1381.68,52.31,2.11
2020-11-05,35.9,1382.78,52.12,2.06
2020-11-06,35.77,1384.51,52.33,2.86
2020-11-07,35.42,1384.11,52.41,2.72
2020-11-08,35.85,1385.23,52.38,2.42
2020-11-09,36.55,1385.25,52.22,2.04
2020-11-10,36.27,1385.12,52.09,2.55
2020-11-11,36.36,1386.06,52.51,1.72
2020-11-12,36.13,1386.76,52.52,2.57
2020-11-13,36.31,1385.23,52.68,2.94
2020-11-14,35.65,1386.76,52.54,1.87
2020-11-15,35.91,1388.19,52.39,1.73
2020-11-16,36.17,1387.61,52.62,3.29
2020-11-17,36.2,1388.06,52.36,2.19
2020-11-18,36.22,1388.6,52.28,3.07
2020-11-19,35.99,1388.91,52.3,2.42
2020-11-20,35.87,1388.41,52.33,2.42
2020-11-21,37.63,1387.79,52.31,2.72
2020-11-22,36.51,1387.82,52.39,2.06
2020-11-23,36.3,1389.04,52.54,2.57
2020-11-24,36.0,1389.63,52.7,2.31
2020-11-25,35.87,1389.31,52.51,1.84
2020-11-26,36.03,1390.13,52.47,2.67
2020-11-27,36.23,1387.34,52.72,2.37
2020-11-28,35.18,1388.53,52.9,2.42
2020-11-29,35.28,1386.85,52.64,1.89
2020-11-30,35.75,1386.53,52.72,3.3
2020-12-01,36.12,1385.46,52.33,2.94
2020-12-02,35.88,1384.22,52.35,2.98
2020-12-03,36.79,1385.43,52.74,2.35
2020-12-04,35.29,1385.01,52.56,1.64
2020-12-05,35.65,1385.41,52.41,3.48
2020-12-06,36.8,1385.41,52.57,2.47
2020-12-07,36.08,1385.94,52.27,2.13
2020-12-08,36.45,1386.06,52.15,2.71
2020-12-09,37.03,1384.83,52.28,3.08
2020-12-10,35.66,1385.88,52.17,2.49
2020-12-11,35.94,1385.43,52.13,3.14
2020-12-12,35.85,1383.93,52.29,3.04
2020-12-13,35.01,1383.55,52.38,1.96
2020-12-14,35.87,1385.1,52.45,2.16
2020-12-15,36.47,1386.0,52.39,2.98
2020-12-16,36.3,1385.7,52.47,1.5
2020-12-17,36.34,1385.4,52.46,2.43
2020-12-18,35.85,1385.13,52.56,1.78
2020-12-19,35.73,1387.26,52.47,2.26
2020-12-20,36.69,1387.69,52.44,2.35
2020-12-21,35.8,1388.17,52.26,2.32
2020-12-22,36.21,1389.25,52.26,2.22
2020-12-23,36.14,1389.54,52.11,1.95
2020-12-24,36.76,1389.33,51.89,3.65
2020-12-25,36.52,1389.18,51.96,3.43
2020-12-26,35.39,1389.16,52.01,1.92
2020-12-27,35.46,1389.17,52.17,3.29
2020-12-28,36.35,1389.95,52.1,2.3
2020-12-29,36.04,1390.05,52.19,2.56
2020-12-30,35.87,1390.84,52.31,2.47
2020-12-31,36.61,1390.81,52.41,2.17
2021-01-01,36.18,1390.93,52.25,2.99
2021-01-02,36.09,1388.99,52.29,2.56
2021-01-03,36.48,1389.95,52.38,2.26
2021-01-04,35.91,1390.35,52.39,1.85
2021-01-05,36.85,1391.4,51.98,2.05
2021-01-06,35.64,1388.55,52.02,1.68
2021-01-07,36.44,1390.69,52.48,2.51
2021-01-08,36.82,1390.6,52.41,1.9
2021-01-09,35.42,1391.76,52.28,2.37
2021-01-10,35.93,1390.77,52.36,3.19
2021-01-11,36.69,1391.43,52.43,3.1
2021-01-12,36.7,1390.43,52.68,2.48
2021-01-13,36.01,1389.85,52.44,2.46
2021-01-14,35.77,1391.82,52.6,3.44
2021-01-15,36.63,1391.68,52.73,2.76
2021-01-16,36.74,1391.94,52.71,2.34
2021-01-17,35.59,1392.86,52.79,1.79
2021-01-18,35.6,1393.41,53.0,2.7
2021-01-19,36.34,1393.61,53.19,2.91
2021-01-20,36.52,1394.03,52.97,2.18
2021-01-21,36.11,1396.48,53.14,2.65
2021-01-22,36.6,1396.47,53.14,2.32
2021-01-23,35.91,1396.72,53.16,2.41
2021-01-24,35.23,1397.82,53.19,1.5
2021-01-25,36.09,1398.98,53.17,2.39
2021-01-26,36.38,1400.22,53.42,2.98
2021-01-27,36.22,1400.9,53.41,2.18
2021-01-28,35.74,1399.81,53.2,2.53
2021-01-29,35.43,1401.5,53.13,2.12
2021-01-30,36.07,1400.4,53.17,2.68
2021-01-31,36.8,1400.75,53.43,2.39
2021-02-01,36.98,1400.05,53.56,2.03
2021-02-02,36.93,1400.03,53.4,3.17
2021-02-03,35.99,1400.41,53.91,2.96
2021-02-04,35.83,1400.78,53.97,2.2
2021-02-05,36.69,1401.25,54.23,2.75
2021-02-06,36.78,1402.92,54.21,2.77
2021-02-07,36.68,1403.42,54.33,2.82
2021-02-08,35.49,1403.23,54.51,1.65
2021-02-09,36.11,1404.24,54.76,3.0
2021-02-10,36.57,1405.48,54.98,2.22
2021-02-11,36.82,1404.3,55.17,2.32
2021-02-12,36.97,1404.95,55.11,3.82
2021-02-13,36.66,1405.7,55.01,2.65
2021-02-14,36.76,1405.46,55.09,2.31
2021-02-15,36.67,1406.88,55.28,1.5
2021-02-16,36.97,1406.78,55.25,3.19
2021-02-17,36.81,1406.96,55.47,1.83
2021-02-18,36.71,1406.83,55.77,2.0
2021-02-19,36.53,1406.9,55.6,2.33
2021-02-20,36.67,1405.85,55.44,3.21
2021-02-21,36.85,1404.46,55.42,2.89
2021-02-22,36.77,1406.11,55.49,2.42
2021-02-23,36.81,1405.31,55.4,2.65
2021-02-24,37.3,1404.37,55.68,2.2
2021-02-25,36.74,1402.27,55.78,2.57
2021-02-26,36.28,1401.68,55.79,2.54
2021-02-27,37.0,1400.4,55.52,2.98
2021-02-28,35.87,1402.1,55.26,2.98
2021-03-01,36.04,1403.15,55.33,2.75
2021-03-02,36.7,1402.52,54.91,2.32
2021-03-03,36.84,1404.82,55.12,2.87
2021-03-04,35.98,1405.85,55.1,2.45
2021-03-05,36.47,1405.58,55.76,1.96
2021-03-06,36.37,1403.13,56.23,2.3
2021-03-07,36.46,1405.47,56.21,2.54
2021-03-08,37.15,1404.13,56.2,2.96
2021-03-09,37.03,1402.53,56.41,2.41
2021-03-10,36.72,1403.61,56.76,1.9
2021-03-11,36.46,1406.1,56.44,2.53
2021-03-12,36.05,1407.53,56.09,2.56
2021-03-13,37.43,1408.14,55.98,2.59
2021-03-14,37.04,1408.79,56.1,2.96
2021-03-15,36.41,1409.69,56.21,3.01
2021-03-16,37.16,1410.5,56.44,2.2
2021-03-17,36.75,1410.83,56.21,2.19
2021-03-18,36.6,1410.99,55.75,1.98
2021-03-19,36.98,1410.97,55.93,2.85
2021-03-20,36.36,1410.27,55.78,3.22
2021-03-21,36.52,1410.04,55.39,2.34
2021-03-22,36.73,1408.4,55.42,2.38
2021-03-23,36.43,1408.35,55.59,3.23
2021-03-24,37.0,1407.41,55.58,2.75
2021-03-25,37.58,1406.36,55.5,2.72
2021-03-26,36.27,1406.58,55.48,1.9
2021-03-27,35.83,1408.03,55.41,2.84
2021-03-28,35.65,1409.0,55.15,2.04
2021-03-29,36.54,1407.47,55.02,1.93
2021-03-30,36.28,1406.54,55.13,2.33
2021-03-31,36.74,1407.53,55.21,2.21
2021-04-01,36.69,1406.59,55.25,2.39
2021-04-02,35.8,1406.42,55.06,1.78
2021-04-03,35.7,1407.02,55.04,2.98
2021-04-04,36.7,1406.1,54.61,3.06
2021-04-05,36.63,1406.26,54.66,1.53
2021-04-06,36.36,1404.97,54.95,2.99
2021-04-07,35.7,1404.42,54.67,2.09
2021-04-08,36.76,1404.79,54.56,2.93
2021-04-09,37.15,1403.25,54.64,2.47
2021-04-10,36.68,1403.74,54.9,2.51
2021-04-11,36.11,1403.77,54.82,2.41
2021-04-12,36.56,1404.37,54.69,3.11
2021-04-13,35.82,1404.64,54.3,1.88
2021-04-14,37.05,1406.06,54.33,2.8
2021-04-15,36.61,1406.23,54.75,3.05
2021-04-16,35.69,1405.85,54.82,2.86
2021-04-17,36.42,1406.03,54.82,3.66
2021-04-18,36.82,1406.62,54.9,2.24
2021-04-19,36.42,1406.72,54.91,2.98
2021-04-20,36.44,1406.81,54.75,2.45
2021-04-21,35.97,1406.16,54.93,3.12
2021-04-22,36.86,1405.54,54.98,2.5
2021-04-23,36.24,1404.19,55.0,2.31
2021-04-24,35.49,1405.99,54.81,3.15
2021-04-25,36.39,1404.8,55.08,2.25
2021-04-26,37.08,1404.15,55.23,1.79
2021-04-27,36.37,1403.49,55.12,2.24
2021-04-28,37.47,1404.43,55.34,2.81
2021-04-29,36.8,1404.19,55.25,3.2
2021-04-30,36.76,1405.48,55.1,2.56
2021-05-01,36.5,1404.86,54.96,3.16
2021-05-02,36.51,1405.19,54.61,1.82
2021-05-03,36.41,1404.4,54.72,2.28
2021-05-04,36.38,1406.6,54.36,2.36
2021-05-05,36.76,1405.46,54.13,2.44
2021-05-06,35.99,1405.82,53.72,2.54
2021-05-07,35.93,1406.51,53.71,2.85
2021-05-08,35.91,1406.97,53.69,2.28
2021-05-09,37.49,1406.83,53.64,2.57
2021-05-10,36.71,1406.75,53.44,2.48
2021-05-11,36.58,1406.85,53.21,2.04
2021-05-12,35.9,1406.75,53.32,2.44
2021-05-13,36.75,1407.76,53.22,2.43
2021-05-14,36.42,1410.03,53.29,2.42
2021-05-15,36.56,1409.52,53.12,2.52
2021-05-16,35.95,1408.2,53.17,2.54
2021-05-17,36.55,1408.16,53.44,2.28
2021-05-18,36.31,1410.79,53.57,3.14
2021-05-19,36.12,1410.04,53.5,1.92
2021-05-20,36.9,1411.72,53.56,2.14
2021-05-21,35.78,1413.45,53.52,3.89
2021-05-22,36.83,1412.95,53.53,1.98
2021-05-23,36.89,1413.57,53.48,1.82
2021-05-24,36.13,1415.25,53.45,2.87
2021-05-25,36.16,1414.92,53.5,1.5
2021-05-26,36.44,1414.76,53.32,2.38
2021-05-27,36.67,1414.23,53.12,3.57
2021-05-28,36.41,1413.27,52.86,1.73
2021-05-29,36.66,1412.67,52.55,1.51
2021-05-30,37.29,1411.49,52.31,1.75
2021-05-31,36.16,1411.58,52.35,2.95
2021-06-01,35.52,1410.86,52.19,3.06
2021-06-02,36.81,1411.14,52.3,2.24
2021-06-03,37.22,1409.64,52.31,2.84
2021-06-04,36.54,1410.02,51.93,3.2
2021-06-05,35.83,1410.9,52.07,3.39
2021-06-06,36.3,1408.96,52.24,2.38
2021-06-07,35.79,1409.38,52.06,1.5
2021-06-08,36.7,1410.66,52.15,2.09
2021-06-09,35.67,1409.5,51.99,2.29
2021-06-10,36.22,1411.22,52.02,2.37
2021-06-11,35.85,1411.69,51.77,2.41
2021-06-12,36.37,1411.04,51.43,3.06
2021-06-13,36.12,1411.03,51.36,3.14
2021-06-14,36.4,1411.64,51.34,2.41
2021-06-15,36.32,1411.76,51.28,3.05
2021-06-16,35.8,1412.35,51.05,2.68
2021-06-17,36.58,1411.48,50.98,2.53
2021-06-18,36.26,1411.7,51.04,2.95
2021-06-19,35.77,1410.34,51.04,2.54
2021-06-20,37.38,1410.28,51.09,3.53
2021-06-21,36.48,1409.42,50.97,1.78
2021-06-22,36.18,1408.74,51.21,2.24
2021-06-23,36.96,1410.02,50.99,2.44
2021-06-24,37.2,1411.16,51.09,2.72
2021-06-25,36.24,1411.82,51.34,3.13
2021-06-26,36.48,1410.78,51.45,2.49
2021-06-27,35.81,1410.51,51.41,1.79
2021-06-28,36.23,1411.78,51.32,2.92
2021-06-29,36.23,1411.97,51.54,2.88
2021-06-30,36.43,1414.34,51.26,1.53
2021-07-01,36.5,1414.78,51.08,2.5
2021-07-02,36.61,1415.02,51.01,1.7
2021-07-03,36.47,1414.77,51.27,2.17
2021-07-04,35.75,1414.95,51.35,2.05
2021-07-05,35.87,1414.85,51.17,2.9
2021-07-06,36.07,1415.6,51.12,2.56
2021-07-07,36.21,1416.61,51.0,1.86
2021-07-08,36.85,1415.88,50.87,2.94
2021-07-09,35.75,1414.59,51.08,1.78
2021-07-10,36.09,1412.81,50.81,2.67
2021-07-11,36.79,1413.37,51.14,2.09
2021-07-12,36.17,1412.31,51.32,2.32
2021-07-13,36.54,1410.21,51.55,2.75
2021-07-14,36.24,1410.65,51.47,2.76
2021-07-15,36.47,1413.19,51.45,3.17
2021-07-16,36.2,1413.23,51.17,2.46
2021-07-17,36.65,1414.12,51.07,2.65
2021-07-18,35.56,1414.26,51.18,2.28
2021-07-19,36.18,1414.21,51.45,2.59
2021-07-20,36.5,1415.18,51.24,2.72
2021-07-21,36.61,1414.94,51.18,2.45
2021-07-22,37.09,1415.25,51.16,1.6
2021-07-23,36.13,1415.62,50.89,2.67
2021-07-24,37.07,1415.01,51.02,2.68
2021-07-25,36.0,1416.05,50.88,2.16
2021-07-26,36.99,1415.92,50.85,1.86
2021-07-27,36.71,1415.22,50.77,3.24
2021-07-28,35.84,1415.8,50.62,2.75
2021-07-29,36.44,1414.96,50.63,2.39
2021-07-30,36.26,1415.03,50.6,1.93
2021-07-31,36.59,1415.07,50.54,2.09
2021-08-01,36.17,1416.21,50.4,3.15
2021-08-02,36.14,1416.74,50.47,2.57
2021-08-03,37.02,1416.76,50.81,2.22
2021-08-04,36.3,1417.63,50.85,2.75
2021-08-05,36.81,1419.07,51.06,2.09
2021-08-06,36.26,1419.68,50.79,3.25
2021-08-07,37.21,1419.74,50.83,3.18
2021-08-08,36.0,1418.47,50.63,2.27
2021-08-09,35.99,1417.46,50.34,2.19
2021-08-10,37.04,1417.2,50.2,1.5
2021-08-11,36.07,1416.64,50.45,1.76
2021-08-12,37.11,1416.51,50.65,1.83
2021-08-13,36.77,1416.61,50.71,2.57
2021-08-14,36.22,1417.19,50.41,2.34
2021-08-15,35.39,1417.17,50.38,1.83
2021-08-16,36.3,1417.71,50.45,2.36
2021-08-17,36.37,1417.82,50.5,2.75
2021-08-18,36.84,1415.9,50.14,2.76
2021-08-19,37.02,1415.01,49.97,1.55
2021-08-20,35.88,1414.92,49.97,2.44
2021-08-21,36.62,1413.76,50.09,1.81
2021-08-22,36.56,1414.41,49.66,2.95
2021-08-23,36.74,1415.99,49.63,2.89
2021-08-24,36.48,1417.26,49.67,2.05
2021-08-25,35.27,1417.09,49.85,2.12
2021-08-26,36.2,1418.63,50.0,2.27
2021-08-27,35.72,1418.83,50.13,1.5
2021-08-28,36.17,1418.54,49.98,2.67
2021-08-29,36.72,1417.98,49.61,2.36
2021-08-30,36.37,1417.73,49.54,2.99
2021-08-31,36.81,1417.39,49.75,1.95
2021-09-01,36.44,1417.61,50.04,2.19
2021-09-02,35.64,1417.82,50.19,1.75
2021-09-03,35.04,1417.87,50.29,2.0
2021-09-04,36.39,1418.36,50.37,1.91
2021-09-05,36.21,1419.6,50.27,3.0
2021-09-06,35.85,1420.6,50.25,2.15
2021-09-07,35.5,1419.17,50.6,2.56
2021-09-08,35.92,1416.66,50.42,2.31
2021-09-09,36.24,1417.65,50.75,1.87
2021-09-10,36.65,1416.33,50.7,2.42
2021-09-11,36.43,1416.16,50.97,2.8
2021-09-12,37.1,1415.04,50.7,1.9
2021-09-13,35.76,1413.28,50.83,2.9
2021-09-14,36.72,1413.87,50.69,2.08
2021-09-15,36.29,1414.68,50.42,2.26
2021-09-16,36.61,1414.16,50.47,2.77
2021-09-17,36.02,1411.62,50.68,2.17
2021-09-18,36.76,1411.12,50.52,2.52
2021-09-19,36.34,1411.56,50.23,2.34
2021-09-20,35.83,1410.13,50.23,2.56
2021-09-21,36.17,1410.37,50.22,1.5
2021-09-22,36.07,1410.4,50.34,1.59
2021-09-23,36.46,1411.03,50.54,2.81
2021-09-24,35.63,1411.2,50.54,3.02
2021-09-25,36.23,1410.28,50.92,2.04
2021-09-26,36.47,1411.52,50.97,2.38
2021-09-27,36.28,1411.41,50.91,2.65
2021-09-28,36.91,1411.44,50.6,2.85
2021-09-29,36.6,1410.55,50.56,1.5
2021-09-30,36.2,1410.16,50.5,2.06
2021-10-01,36.32,1409.33,50.7,2.33
2021-10-02,36.37,1409.2,50.81,2.85
2021-10-03,36.42,1410.96,50.58,3.75
2021-10-04,35.29,1409.64,50.62,2.39
2021-10-05,36.05,1408.08,50.77,1.8
2021-10-06,35.51,1409.6,51.08,2.7
2021-10-07,36.91,1409.44,51.27,3.16
2021-10-08,36.25,1408.82,51.43,2.55
2021-10-09,36.2,1409.91,51.46,2.05
2021-10-10,36.74,1409.36,51.54,2.98
2021-10-11,36.56,1411.23,51.8,2.83
2021-10-12,35.77,1411.96,51.55,1.99
2021-10-13,36.29,1411.52,51.49,2.69
2021-10-14,36.17,1413.73,51.34,3.0
2021-10-15,35.47,1413.17,51.43,3.09
2021-10-16,36.03,1413.97,51.68,2.47
2021-10-17,36.28,1414.32,51.58,2.32
2021-10-18,36.29,1415.67,51.11,3.11
2021-10-19,35.62,1417.28,51.03,1.89
2021-10-20,36.96,1417.36,51.23,2.72
2021-10-21,36.33,1416.66,51.34,1.81
2021-10-22,36.42,1417.17,51.44,3.03
2021-10-23,36.59,1416.54,51.39,2.37
2021-10-24,36.0,1418.6,51.15,3.13
2021-10-25,36.64,1418.79,51.26,2.75
2021-10-26,36.2,1418.47,51.1,1.89
2021-10-27,35.99,1418.71,51.55,3.21
2021-10-28,36.72,1417.41,51.68,3.28
2021-10-29,37.15,1416.49,51.57,2.94
2021-10-30,36.77,1417.74,51.46,2.12
2021-10-31,36.86,1417.13,51.45,2.35
2021-11-01,36.12,1416.14,51.41,2.57
2021-11-02,35.62,1416.72,51.64,2.15
2021-11-03,37.18,1417.96,51.69,3.35
2021-11-04,37.46,1418.73,51.56,2.57
2021-11-05,37.26,1419.77,51.94,1.5
2021-11-06,36.31,1419.07,51.96,2.67
2021-11-07,35.9,1417.7,52.13,2.33
2021-11-08,35.96,1419.25,52.02,2.46
2021-11-09,35.65,1418.97,52.1,2.32
2021-11-10,36.44,1418.77,52.17,2.9
2021-11-11,37.29,1420.15,51.8,3.06
2021-11-12,36.46,1420.76,52.22,2.64
2021-11-13,36.72,1421.26,52.48,2.33
2021-11-14,37.28,1423.48,52.41,2.48
2021-11-15,36.36,1422.89,52.2,2.51
2021-11-16,37.6,1423.86,52.28,2.1
2021-11-17,37.59,1423.97,52.31,2.79
2021-11-18,36.54,1424.29,52.39,2.73
2021-11-19,36.34,1425.87,52.44,3.27
2021-11-20,37.0,1426.42,52.55,3.13
2021-11-21,36.52,1427.01,52.85,2.16
2021-11-22,36.14,1428.14,52.97,2.91
2021-11-23,37.34,1427.82,52.77,2.02
2021-11-24,37.32,1427.03,53.06,2.85
2021-11-25,36.81,1426.04,53.39,2.24
2021-11-26,36.13,1424.12,54.04,1.99
2021-11-27,36.16,1426.23,53.82,2.64
2021-11-28,36.82,1425.17,53.88,1.5
2021-11-29,36.47,1425.0,53.47,1.62
2021-11-30,36.56,1424.78,53.59,2.41
2021-12-01,37.24,1425.13,53.49,2.54
2021-12-02,37.15,1426.0,53.89,2.32
2021-12-03,37.47,1426.91,53.74,1.71
2021-12-04,36.24,1426.38,53.42,2.09
2021-12-05,36.56,1426.26,53.33,2.7
2021-12-06,37.07,1426.59,52.95,2.79
2021-12-07,36.93,1426.39,53.11,2.49
2021-12-08,37.46,1428.05,52.7,3.08
2021-12-09,36.91,1428.59,52.72,2.7
2021-12-10,37.6,1429.38,52.31,2.13
2021-12-11,36.95,1430.09,52.26,2.36
2021-12-12,37.26,1431.31,52.6,1.8
2021-12-13,36.58,1431.54,52.68,2.45
2021-12-14,36.71,1430.3,52.52,3.06
2021-12-15,37.17,1430.75,52.52,2.84
2021-12-16,37.51,1430.14,52.54,3.2
2021-12-17,37.07,1429.67,52.64,2.35
2021-12-18,36.65,1430.3,52.38,3.17
2021-12-19,37.41,1431.59,52.5,2.4
2021-12-20,35.58,1431.66,51.97,3.24
2021-12-21,35.95,1432.02,51.86,2.49
2021-12-22,37.02,1433.77,51.77,2.85
2021-12-23,36.71,1434.06,51.91,3.24
2021-12-24,37.05,1436.72,51.92,2.4
2021-12-25,36.76,1437.33,51.65,2.61
2021-12-26,36.97,1435.62,51.46,3.14
2021-12-27,36.29,1436.42,51.51,2.43
2021-12-28,36.99,1436.85,51.51,1.84
2021-12-29,37.21,1438.19,51.4,3.57
2021-12-30,37.33,1438.92,51.32,2.27
2021-12-31,37.74,1438.83,51.46,2.58
2022-01-01,36.82,1437.65,51.37,3.08
2022-01-02,36.84,1437.5,51.36,2.2
2022-01-03,35.97,1436.7,51.81,2.0
2022-01-04,36.43,1436.16,51.53,2.63
2022-01-05,36.57,1436.8,51.17,1.6
2022-01-06,37.24,1438.52,51.34,2.36
2022-01-07,36.4,1438.97,51.21,2.62
2022-01-08,37.08,1437.82,51.16,2.37
2022-01-09,36.68,1438.32,51.01,1.73
2022-01-10,36.6,1439.56,50.97,3.3
2022-01-11,36.84,1439.0,51.3,2.55
2022-01-12,36.54,1438.92,51.47,3.22
2022-01-13,36.54,1438.98,51.65,2.37
2022-01-14,35.86,1438.25,51.38,2.06
2022-01-15,36.58,1438.95,51.16,2.63
2022-01-16,36.4,1438.88,50.6,2.39
2022-01-17,36.38,1439.35,50.45,1.91
2022-01-18,36.85,1438.51,50.65,3.23
2022-01-19,36.98,1438.12,50.77,2.19
2022-01-20,36.77,1438.89,50.73,1.58
2022-01-21,37.15,1438.57,50.74,3.16
2022-01-22,36.95,1440.35,50.61,2.25
2022-01-23,36.52,1440.0,50.66,2.2
2022-01-24,36.45,1440.27,50.82,1.62
2022-01-25,36.83,1441.26,50.51,3.37
2022-01-26,36.94,1439.89,50.58,1.86
2022-01-27,37.35,1438.18,50.78,2.53
2022-01-28,37.22,1436.7,50.7,2.96
2022-01-29,36.38,1438.01,50.85,2.71
2022-01-30,36.65,1437.51,51.43,2.47
2022-01-31,37.08,1440.12,51.42,1.65
2022-02-01,37.28,1439.61,51.5,2.1
2022-02-02,37.2,1439.84,51.37,2.59
2022-02-03,36.73,1441.43,51.41,2.11
2022-02-04,36.18,1443.49,51.51,2.6
2022-02-05,36.34,1445.6,51.56,2.84
2022-02-06,36.98,1446.86,51.37,2.98
2022-02-07,37.03,1447.93,51.42,1.89
2022-02-08,36.35,1448.57,51.72,3.6
2022-02-09,36.95,1449.4,51.82,2.88
2022-02-10,37.25,1448.9,52.03,2.5
2022-02-11,36.35,1448.13,51.99,3.04
2022-02-12,37.49,1448.18,52.15,3.68
2022-02-13,36.75,1448.06,52.21,1.78
2022-02-14,37.55,1447.66,52.03,2.39
2022-02-15,36.67,1448.4,52.11,1.5
2022-02-16,36.42,1449.41,51.92,2.6
2022-02-17,36.69,1449.55,51.8,2.68
2022-02-18,36.9,1451.07,51.85,2.48
2022-02-19,36.75,1449.98,51.92,2.17
2022-02-20,36.81,1449.84,51.69,1.5
2022-02-21,37.1,1449.17,51.91,2.69
2022-02-22,36.83,1447.36,52.04,3.23
2022-02-23,36.87,1447.32,51.91,2.2
2022-02-24,36.02,1447.25,51.61,2.72
2022-02-25,37.09,1448.81,51.59,1.72
2022-02-26,36.85,1449.5,51.51,2.73
2022-02-27,37.69,1448.52,51.54,2.3
2022-02-28,36.43,1450.43,51.48,2.12
2022-03-01,35.98,1451.7,51.09,2.12
2022-03-02,37.2,1452.33,51.02,2.3
2022-03-03,37.05,1452.15,50.97,2.69
2022-03-04,36.38,1451.24,51.11,1.84
2022-03-05,36.1,1450.92,50.98,2.3
2022-03-06,37.68,1452.06,51.32,2.48
2022-03-07,37.61,1453.99,50.95,1.95
2022-03-08,35.71,1455.59,51.22,3.4
2022-03-09,36.72,1455.15,51.19,2.07
2022-03-10,37.78,1454.08,51.37,2.17
2022-03-11,36.72,1454.27,51.4,2.01
2022-03-12,36.71,1452.55,51.63,3.4
2022-03-13,36.81,1452.92,51.57,2.78
2022-03-14,36.37,1452.83,51.36,2.03
2022-03-15,36.1,1452.41,51.65,3.05
2022-03-16,37.45,1450.87,51.64,2.6
2022-03-17,36.02,1451.43,51.69,2.63
2022-03-18,37.08,1450.95,51.95,2.33
2022-03-19,37.37,1449.83,51.75,2.13
2022-03-20,36.17,1447.0,51.88,2.67
2022-03-21,36.42,1447.03,51.77,2.23
2022-03-22,37.52,1448.85,51.76,3.41
2022-03-23,37.2,1450.56,51.78,1.87
2022-03-24,36.59,1450.15,51.49,3.27
2022-03-25,37.48,1449.6,51.35,2.44
2022-03-26,37.52,1450.12,51.63,2.65
2022-03-27,37.05,1449.17,51.81,2.92
2022-03-28,36.47,1449.52,51.81,2.18
2022-03-29,36.74,1450.34,51.87,2.93
2022-03-30,37.1,1451.62,51.82,1.5
2022-03-31,36.89,1451.57,52.1,2.14
2022-04-01,37.45,1451.41,52.07,2.04
2022-04-02,36.21,1450.58,52.13,1.87
2022-04-03,36.24,1449.81,52.37,2.39
2022-04-04,37.06,1449.63,52.22,2.69
2022-04-05,36.76,1450.05,52.54,2.85
2022-04-06,36.68,1451.01,52.25,2.62
2022-04-07,36.13,1450.26,52.58,2.17
2022-04-08,37.04,1451.8,52.52,2.68
2022-04-09,37.0,1451.58,52.48,2.56
2022-04-10,37.31,1451.61,52.11,2.97
2022-04-11,37.0,1450.91,52.03,2.89
2022-04-12,36.85,1448.54,51.83,2.52
2022-04-13,37.5,1449.47,51.72,2.05
2022-04-14,36.27,1450.26,51.71,2.17
2022-04-15,37.21,1450.03,51.91,2.23
2022-04-16,36.11,1450.14,51.96,2.34
2022-04-17,36.54,1450.71,52.03,2.63
2022-04-18,36.31,1449.2,51.82,2.86
2022-04-19,37.29,1448.72,51.65,2.47
2022-04-20,36.91,1449.56,52.02,2.51
2022-04-21,36.91,1448.36,51.89,2.57
2022-04-22,36.4,1448.7,52.23,2.24
2022-04-23,36.78,1447.4,52.19,2.04
2022-04-24,36.56,1447.91,52.2,1.62
2022-04-25,37.15,1447.93,52.42,2.15
2022-04-26,36.47,1446.36,52.69,2.74
2022-04-27,37.65,1447.58,52.68,2.15
2022-04-28,36.13,1446.89,52.61,2.38
2022-04-29,36.55,1446.13,52.61,2.73
2022-04-30,37.8,1446.38,52.69,2.76
2022-05-01,36.78,1447.58,52.87,1.96
2022-05-02,36.33,1446.61,52.88,3.0
2022-05-03,37.11,1446.73,53.02,3.06
2022-05-04,36.81,1447.2,53.36,1.94
2022-05-05,36.65,1447.95,53.44,2.09
2022-05-06,36.53,1448.17,53.51,3.1
2022-05-07,38.42,1447.86,53.22,2.43
2022-05-08,36.85,1447.08,52.7,1.5
2022-05-09,36.02,1447.22,52.79,1.8
2022-05-10,37.72,1446.19,52.78,2.38
2022-05-11,37.22,1443.32,52.69,1.92
2022-05-12,36.55,1443.81,52.75,2.29
2022-05-13,36.48,1444.76,52.75,2.52
2022-05-14,37.27,1442.45,52.98,3.23
2022-05-15,36.8,1441.49,53.01,2.35
2022-05-16,35.96,1442.16,52.87,3.04
2022-05-17,37.87,1444.27,53.08,3.21
2022-05-18,36.75,1444.34,53.05,3.22
2022-05-19,37.72,1443.66,53.16,2.64
2022-05-20,37.6,1443.53,53.07,1.52
2022-05-21,36.47,1444.95,52.95,2.73
2022-05-22,37.48,1444.36,52.98,3.02
2022-05-23,36.63,1443.61,52.99,2.46
2022-05-24,36.02,1443.17,53.1,3.37
2022-05-25,36.73,1442.27,53.06,2.93
2022-05-26,37.11,1442.44,52.7,2.78
2022-05-27,36.69,1444.12,52.62,3.04
2022-05-28,36.79,1444.49,52.79,2.67
2022-05-29,37.51,1444.29,52.74,1.5
2022-05-30,36.98,1444.05,52.7,2.25
2022-05-31,36.51,1442.53,52.91,3.1
2022-06-01,37.28,1443.47,52.78,2.1
2022-06-02,37.0,1443.44,52.48,2.39
2022-06-03,35.63,1443.31,52.46,1.98
2022-06-04,37.15,1446.55,52.37,3.39
2022-06-05,37.12,1446.9,52.19,3.34
2022-06-06,36.92,1446.2,52.16,2.06
2022-06-07,37.36,1445.82,52.27,2.57
2022-06-08,36.6,1447.02,52.28,2.16
2022-06-09,37.11,1447.18,52.35,2.81
2022-06-10,36.18,1445.8,52.72,2.75
2022-06-11,37.17,1446.76,52.66,2.91
2022-06-12,37.94,1446.15,52.73,2.67
2022-06-13,36.49,1448.07,52.64,3.97
2022-06-14,36.61,1449.2,52.48,1.99
2022-06-15,36.61,1448.8,52.37,1.64
2022-06-16,37.05,1450.13,52.29,2.3
2022-06-17,36.46,1450.25,52.37,1.72
2022-06-18,37.26,1451.15,52.85,1.75
2022-06-19,37.47,1451.69,52.71,2.0
2022-06-20,37.29,1450.89,52.64,2.04
2022-06-21,36.13,1450.3,52.64,2.02
2022-06-22,37.54,1451.38,52.73,2.76
2022-06-23,37.51,1451.09,52.79,2.25
2022-06-24,37.48,1450.74,53.06,2.41
2022-06-25,37.19,1449.84,52.58,2.95
2022-06-26,37.08,1450.31,52.11,2.12
2022-06-27,37.51,1452.42,52.02,2.37
2022-06-28,37.96,1451.4,52.25,2.68
2022-06-29,36.49,1451.48,51.95,1.53
2022-06-30,37.47,1452.94,51.36,1.5
2022-07-01,36.9,1452.91,51.48,2.67
2022-07-02,36.89,1453.41,51.54,2.75
2022-07-03,36.15,1452.4,51.33,3.53
2022-07-04,36.77,1452.88,51.15,2.58
2022-07-05,36.39,1452.74,50.96,2.91
2022-07-06,36.67,1453.78,51.0,2.4
2022-07-07,36.36,1455.02,50.88,2.65
2022-07-08,36.74,1457.65,50.99,3.33
2022-07-09,36.71,1458.28,50.43,1.5
2022-07-10,36.95,1458.66,50.27,2.71
2022-07-11,36.08,1458.9,50.05,3.57
2022-07-12,36.16,1458.6,50.01,2.64
2022-07-13,37.06,1458.99,49.91,3.33
2022-07-14,36.49,1458.74,50.08,2.19
2022-07-15,37.39,1458.96,49.72,2.48
2022-07-16,36.99,1460.33,49.74,2.52
2022-07-17,37.18,1459.37,49.86,1.5
2022-07-18,37.64,1460.56,50.24,1.92
2022-07-19,36.79,1461.93,50.16,1.95
2022-07-20,36.66,1461.86,50.23,2.91
2022-07-21,37.32,1459.79,49.88,2.94
2022-07-22,37.08,1459.23,49.41,2.66
2022-07-23,36.77,1460.58,49.59,2.91
2022-07-24,37.56,1460.61,49.6,2.42
2022-07-25,36.77,1459.66,49.85,3.1
2022-07-26,36.86,1459.2,49.58,2.5
2022-07-27,36.88,1460.09,49.69,2.53
2022-07-28,36.45,1460.69,50.08,2.37
2022-07-29,36.96,1460.5,50.17,2.84
2022-07-30,37.62,1460.18,50.24,2.29
2022-07-31,37.15,1459.84,50.25,2.99
2022-08-01,36.89,1458.97,49.95,1.93
2022-08-02,36.85,1460.64,50.23,1.95
2022-08-03,37.08,1460.36,50.11,2.84
2022-08-04,37.32,1461.63,50.23,2.46
2022-08-05,37.24,1463.2,49.92,2.27
2022-08-06,36.77,1464.25,49.7,2.95
2022-08-07,37.12,1463.87,49.99,2.2
2022-08-08,37.2,1464.32,49.93,2.4
2022-08-09,36.49,1464.35,50.23,3.2
2022-08-10,37.06,1463.49,50.23,3.27
2022-08-11,35.86,1463.87,49.87,3.29
2022-08-12,37.19,1462.74,50.06,2.36
2022-08-13,37.28,1463.98,49.95,3.12
2022-08-14,37.34,1463.56,50.1,2.03
2022-08-15,36.77,1463.81,50.12,2.05
2022-08-16,37.1,1464.15,49.82,1.5
2022-08-17,37.66,1463.94,49.86,3.34
2022-08-18,37.71,1464.58,50.31,2.07
2022-08-19,36.99,1464.15,50.42,2.44
2022-08-20,37.09,1465.07,50.42,2.04
2022-08-21,37.58,1463.78,50.64,2.85
2022-08-22,36.28,1463.95,50.69,2.31
2022-08-23,36.9,1465.94,50.75,1.85
2022-08-24,37.7,1464.99,50.54,2.72
2022-08-25,37.51,1464.36,50.59,1.78
2022-08-26,37.24,1464.93,50.81,2.08
2022-08-27,36.29,1465.16,50.65,1.5
2022-08-28,37.05,1465.56,50.95,1.79
2022-08-29,36.79,1466.1,50.94,2.59
2022-08-30,37.24,1466.78,50.77,1.52
2022-08-31,36.71,1467.94,50.98,1.76
2022-09-01,36.61,1468.4,50.94,2.5
2022-09-02,36.1,1468.21,51.1,2.23
2022-09-03,37.75,1468.93,51.05,3.5
2022-09-04,36.97,1470.88,51.05,3.42
2022-09-05,37.26,1470.8,51.16,2.07
2022-09-06,37.17,1469.87,51.22,2.78
2022-09-07,36.62,1471.03,50.83,2.87
2022-09-08,36.5,1470.96,50.62,2.2
2022-09-09,36.61,1468.84,50.82,1.75
2022-09-10,36.76,1469.74,50.8,2.49
2022-09-11,37.29,1469.25,50.71,2.41
2022-09-12,36.68,1469.21,50.44,2.28
2022-09-13,37.94,1469.59,50.24,2.72
2022-09-14,37.55,1469.83,49.84,2.12
2022-09-15,37.45,1470.59,49.83,1.92
2022-09-16,36.97,1470.21,49.72,2.55
2022-09-17,37.77,1470.77,49.54,2.69
2022-09-18,36.9,1470.56,49.54,1.91
2022-09-19,37.02,1471.35,49.62,2.96
2022-09-20,37.17,1472.01,50.05,1.61
2022-09-21,37.39,1471.13,49.76,2.21
2022-09-22,37.4,1472.26,50.0,2.37
2022-09-23,36.86,1471.78,50.2,2.18
2022-09-24,36.83,1472.64,50.06,2.22
2022-09-25,37.43,1473.05,50.11,3.44
2022-09-26,37.48,1474.94,50.03,2.07
2022-09-27,36.93,1474.77,50.07,3.72
2022-09-28,36.36,1474.47,50.38,2.72
2022-09-29,37.07,1474.5,50.52,2.55
2022-09-30,37.49,1474.25,50.63,2.74
2022-10-01,38.08,1475.1,50.55,3.76
2022-10-02,36.53,1473.53,50.26,2.0
2022-10-03,36.9,1472.53,50.23,1.94
2022-10-04,36.93,1471.51,50.48,2.12
2022-10-05,37.78,1472.51,50.19,2.52
2022-10-06,37.1,1474.27,49.99,1.64
2022-10-07,36.66,1474.22,50.02,2.51
2022-10-08,37.37,1474.1,49.84,3.35
2022-10-09,36.88,1474.22,49.69,2.58
2022-10-10,36.48,1475.43,49.61,2.35
2022-10-11,36.61,1474.55,49.35,2.19
2022-10-12,37.91,1474.84,49.16,2.95
2022-10-13,37.26,1475.86,49.32,2.09
2022-10-14,37.11,1476.42,49.06,3.42
2022-10-15,36.9,1476.66,48.75,3.47
2022-10-16,37.18,1477.71,48.64,2.63
2022-10-17,37.15,1475.05,48.79,2.49
2022-10-18,37.16,1475.78,48.77,3.02
2022-10-19,37.05,1475.18,48.68,3.05
2022-10-20,37.41,1473.4,48.7,2.1
2022-10-21,36.96,1473.96,48.36,2.24
2022-10-22,36.49,1475.38,48.47,1.84
2022-10-23,36.68,1475.29,48.56,2.7
2022-10-24,36.0,1476.3,48.49,2.83
2022-10-25,38.05,1477.96,48.7,1.83
2022-10-26,37.47,1479.32,48.48,2.27
2022-10-27,36.67,1481.01,48.72,1.83
2022-10-28,36.96,1481.81,48.76,2.05
2022-10-29,36.78,1481.93,48.7,2.78
2022-10-30,37.85,1480.38,48.71,2.13
2022-10-31,36.36,1480.18,48.7,2.35
2022-11-01,37.14,1479.39,48.95,1.69
2022-11-02,37.04,1481.61,48.74,2.59
2022-11-03,37.5,1481.49,48.6,2.48
2022-11-04,37.05,1481.66,48.82,2.14
2022-11-05,36.23,1482.26,48.71,2.41
2022-11-06,37.0,1482.35,48.9,2.59
2022-11-07,36.7,1484.1,49.25,2.09
2022-11-08,37.21,1483.53,49.18,1.76
2022-11-09,37.91,1483.77,49.33,3.4
2022-11-10,36.29,1483.08,49.1,2.18
2022-11-11,36.75,1481.81,49.27,2.45
2022-11-12,36.87,1481.25,49.32,3.01
2022-11-13,36.97,1481.26,49.42,4.26
2022-11-14,37.51,1480.88,49.3,1.88
2022-11-15,37.01,1480.24,48.98,2.72
2022-11-16,37.3,1478.88,49.09,2.15
2022-11-17,36.74,1478.85,48.69,2.23
2022-11-18,37.14,1477.39,48.63,2.14
2022-11-19,37.45,1478.2,48.83,1.94
2022-11-20,36.7,1478.34,48.88,2.48
2022-11-21,37.47,1476.93,49.28,1.76
2022-11-22,37.13,1476.67,49.49,2.97
2022-11-23,37.6,1475.97,49.37,2.53
2022-11-24,36.98,1476.34,49.39,2.71
2022-11-25,37.3,1477.73,49.39,2.27
2022-11-26,37.03,1475.9,49.08,2.32
2022-11-27,36.98,1476.07,48.91,2.64
2022-11-28,37.15,1475.96,48.8,1.92
2022-11-29,37.26,1476.68,48.41,2.32
2022-11-30,36.37,1476.94,48.43,2.07
2022-12-01,37.7,1476.24,48.39,2.05
2022-12-02,36.02,1475.97,48.06,1.5
2022-12-03,36.6,1475.22,48.15,3.17
2022-12-04,36.93,1476.35,48.3,2.16
2022-12-05,37.19,1476.42,48.36,3.08
2022-12-06,37.79,1478.37,48.31,3.03
2022-12-07,36.09,1478.36,48.43,1.86
2022-12-08,36.77,1477.7,48.58,1.96
2022-12-09,35.95,1476.24,48.65,3.78
2022-12-10,36.98,1474.49,48.5,3.38
2022-12-11,37.09,1472.95,48.56,2.48
2022-12-12,37.78,1473.27,48.81,2.63
2022-12-13,37.04,1473.83,48.7,2.18
2022-12-14,37.52,1472.3,49.13,2.72
2022-12-15,37.29,1473.24,49.04,2.14
2022-12-16,36.78,1472.81,49.05,1.5
2022-12-17,36.28,1473.01,48.93,1.84
2022-12-18,37.16,1474.67,48.98,2.51
2022-12-19,36.25,1475.61,48.64,1.93
2022-12-20,37.63,1475.4,48.54,2.47
2022-12-21,36.87,1474.56,48.34,1.96
2022-12-22,37.52,1472.45,48.37,2.11
2022-12-23,36.69,1471.78,48.58,2.93
2022-12-24,37.08,1471.62,48.72,2.62
2022-12-25,36.99,1470.69,48.26,2.5
2022-12-26,36.9,1470.6,48.68,2.94
2022-12-27,36.72,1470.73,48.74,2.74
2022-12-28,37.11,1470.56,48.6,3.22
2022-12-29,36.45,1469.96,48.64,2.27
2022-12-30,36.32,1470.18,48.69,2.29
2022-12-31,37.54,1470.67,48.56,1.85
2023-01-01,37.27,1469.63,48.61,2.29
2023-01-02,36.95,1471.09,48.5,2.98
2023-01-03,37.74,1471.04,48.43,3.15
2023-01-04,36.76,1471.11,48.3,2.98
2023-01-05,37.54,1471.87,48.03,1.6
2023-01-06,36.98,1472.15,48.07,3.04
2023-01-07,36.4,1473.15,48.19,1.58
2023-01-08,37.86,1473.49,48.31,2.95
2023-01-09,37.44,1472.93,48.48,2.32
2023-01-10,36.89,1473.34,48.55,2.85
2023-01-11,37.29,1472.25,48.46,1.83
2023-01-12,36.75,1472.4,48.64,3.09
2023-01-13,37.34,1472.42,48.37,1.77
2023-01-14,35.71,1472.26,48.2,2.17
2023-01-15,36.37,1472.18,48.02,2.0
2023-01-16,37.37,1470.35,48.25,1.62
2023-01-17,36.77,1469.85,48.45,2.55
2023-01-18,37.01,1470.0,48.55,3.4
2023-01-19,36.26,1470.21,48.78,3.83
2023-01-20,37.82,1469.23,48.61,2.55
2023-01-21,37.52,1470.54,48.69,3.06
2023-01-22,36.81,1469.73,48.68,2.62
2023-01-23,36.74,1470.75,48.86,2.75
2023-01-24,37.47,1471.22,48.84,2.33
2023-01-25,37.93,1470.63,48.78,2.6
2023-01-26,37.45,1472.45,48.89,2.77
2023-01-27,38.06,1471.31,49.08,2.21
2023-01-28,36.52,1472.28,48.96,2.46
2023-01-29,36.59,1473.33,48.95,2.47
2023-01-30,36.37,1472.71,48.75,2.91
2023-01-31,37.16,1474.15,48.26,1.97
2023-02-01,37.03,1473.95,48.31,2.47
2023-02-02,36.88,1474.29,48.44,3.46
2023-02-03,37.37,1474.6,48.51,3.08
2023-02-04,37.55,1474.52,48.13,3.17
2023-02-05,36.17,1475.38,48.07,2.51
2023-02-06,36.61,1476.22,47.63,2.66
2023-02-07,37.32,1474.52,47.92,3.0
2023-02-08,36.68,1475.88,47.71,3.28
2023-02-09,36.51,1474.26,47.97,1.52
2023-02-10,37.46,1475.35,48.17,1.84
2023-02-11,36.3,1476.52,48.0,3.15
2023-02-12,36.76,1475.48,47.78,2.36
2023-02-13,37.08,1475.12,47.86,2.16
2023-02-14,36.59,1474.07,47.7,1.87
2023-02-15,37.27,1473.9,47.73,2.22
2023-02-16,36.58,1473.64,47.65,1.8
2023-02-17,37.55,1474.47,47.3,3.55
2023-02-18,36.76,1475.83,46.87,2.49
2023-02-19,37.19,1477.28,46.92,2.47
2023-02-20,37.21,1476.77,46.82,2.79
2023-02-21,36.51,1476.61,46.72,2.98
2023-02-22,35.78,1474.97,46.87,2.97
2023-02-23,37.0,1474.22,47.11,3.04
2023-02-24,36.87,1475.23,47.07,2.18
2023-02-25,37.13,1476.9,47.01,2.35
2023-02-26,36.73,1475.71,47.12,2.88
2023-02-27,36.6,1475.17,46.86,2.24
2023-02-28,37.82,1475.19,46.91,2.5
2023-03-01,36.1,1475.52,47.03,2.7
2023-03-02,37.21,1474.77,47.18,2.89
2023-03-03,36.52,1475.24,46.8,1.61
2023-03-04,36.62,1474.82,46.66,2.86
2023-03-05,36.61,1474.85,46.49,2.38
2023-03-06,36.38,1475.45,46.52,2.85
2023-03-07,37.08,1475.5,46.63,2.89
2023-03-08,37.52,1475.12,46.94,3.3
2023-03-09,37.05,1475.06,46.85,3.18
2023-03-10,36.85,1475.02,46.76,3.17
2023-03-11,36.33,1474.7,47.0,3.22
2023-03-12,37.08,1474.49,47.07,2.65
2023-03-13,37.95,1476.14,47.33,2.52
2023-03-14,36.7,1476.75,47.4,2.94
2023-03-15,36.68,1476.5,47.18,2.87
2023-03-16,36.57,1477.25,46.92,2.35
2023-03-17,36.57,1476.97,46.62,2.7
2023-03-18,35.48,1478.19,46.77,2.48
2023-03-19,37.08,1478.61,47.01,2.07
2023-03-20,36.49,1478.55,47.39,3.15
2023-03-21,36.14,1479.05,47.57,2.53
2023-03-22,37.32,1477.53,47.81,3.52
2023-03-23,36.38,1476.45,47.71,1.69
2023-03-24,36.71,1475.31,47.49,2.22
2023-03-25,37.63,1475.5,47.67,2.52
2023-03-26,36.23,1477.28,47.76,3.07
2023-03-27,36.21,1479.57,47.79,2.7
2023-03-28,37.13,1480.25,47.88,2.66
2023-03-29,37.58,1480.8,47.95,1.94
2023-03-30,36.22,1479.05,48.22,1.92
2023-03-31,37.23,1478.56,48.49,2.66
2023-04-01,37.32,1477.82,48.61,1.82
2023-04-02,36.01,1477.25,48.79,2.23
2023-04-03,37.45,1477.13,48.9,2.75
2023-04-04,37.47,1476.71,48.82,2.01
2023-04-05,36.86,1474.78,48.98,3.3
2023-04-06,37.63,1475.58,48.71,3.11
2023-04-07,37.58,1474.56,48.93,1.71
2023-04-08,37.04,1474.85,48.7,2.03
2023-04-09,36.81,1476.97,48.77,1.5
2023-04-10,36.52,1476.1,48.61,2.11
2023-04-11,36.96,1473.62,48.73,2.88
2023-04-12,37.26,1473.39,48.73,2.29
2023-04-13,36.8,1474.54,48.43,2.73
2023-04-14,35.9,1476.55,48.52,1.74
2023-04-15,37.61,1475.37,48.41,2.9
2023-04-16,37.09,1475.91,48.6,2.22
2023-04-17,36.8,1475.5,48.61,2.51
2023-04-18,37.43,1475.44,48.7,2.45
2023-04-19,37.79,1478.14,48.52,1.86
2023-04-20,35.59,1476.68,48.41,1.92
2023-04-21,37.2,1476.99,48.33,2.98
2023-04-22,36.3,1477.5,48.51,2.7
2023-04-23,37.31,1478.64,48.86,3.03
2023-04-24,37.12,1478.79,48.7,2.66
2023-04-25,37.4,1479.15,48.93,2.57
2023-04-26,36.78,1478.8,48.51,1.64
2023-04-27,36.08,1479.12,48.28,2.36
2023-04-28,36.77,1478.83,48.1,2.49
2023-04-29,37.18,1479.5,47.83,3.48
2023-04-30,37.45,1479.18,47.53,2.84
2023-05-01,36.37,1479.61,47.62,3.27
2023-05-02,37.47,1479.63,47.59,2.8
2023-05-03,36.66,1480.81,47.67,2.14
2023-05-04,37.18,1480.8,47.82,2.56
2023-05-05,36.72,1479.08,47.88,2.62
2023-05-06,37.1,1480.39,48.03,2.03
2023-05-07,37.44,1479.54,48.02,2.31
2023-05-08,36.35,1478.93,47.8,2.4
2023-05-09,36.64,1478.39,48.02,3.3
2023-05-10,37.08,1479.81,47.91,1.5
2023-05-11,38.14,1477.73,47.73,3.1
2023-05-12,36.55,1480.91,47.71,2.03
2023-05-13,38.0,1482.02,47.53,1.81
2023-05-14,37.98,1482.29,47.46,3.09
2023-05-15,36.94,1482.29,47.54,2.87
2023-05-16,36.85,1482.62,47.62,3.13
2023-05-17,36.65,1483.2,47.45,2.9
2023-05-18,36.96,1483.89,47.36,3.53
2023-05-19,36.32,1484.5,47.59,2.78
2023-05-20,37.0,1484.64,47.7,2.42
2023-05-21,37.83,1484.49,48.12,2.67
2023-05-22,36.8,1484.39,48.37,3.12
2023-05-23,37.0,1484.24,48.61,2.11
2023-05-24,36.26,1485.43,48.34,2.17
2023-05-25,37.33,1486.07,48.5,2.35
2023-05-26,37.23,1483.18,48.5,1.5
2023-05-27,37.13,1483.89,48.4,2.57
2023-05-28,37.0,1484.13,48.44,1.56
2023-05-29,36.98,1484.16,48.64,2.53
2023-05-30,37.38,1483.82,48.75,2.93
2023-05-31,37.12,1485.0,48.59,2.26
2023-06-01,37.32,1485.99,48.75,3.34
2023-06-02,37.25,1485.27,48.63,1.77
2023-06-03,37.72,1485.73,48.68,3.1
2023-06-04,37.47,1484.81,48.63,2.84
2023-06-05,37.21,1483.48,48.6,1.64
2023-06-06,37.88,1482.9,48.76,3.86
2023-06-07,37.32,1483.81,48.56,2.47
2023-06-08,37.82,1484.82,48.96,2.06
2023-06-09,37.44,1485.38,48.61,1.8
2023-06-10,36.22,1486.15,48.5,2.39
2023-06-11,37.81,1486.72,48.58,2.44
2023-06-12,37.23,1486.13,48.71,2.55
2023-06-13,37.14,1486.61,48.7,2.35
2023-06-14,37.32,1487.46,48.7,2.82
2023-06-15,37.03,1488.27,48.79,2.31
2023-06-16,37.33,1489.5,48.75,1.53
2023-06-17,36.96,1490.26,49.04,2.43
2023-06-18,37.92,1490.66,49.22,1.5
2023-06-19,37.26,1491.78,49.4,2.68
2023-06-20,37.11,1491.81,49.22,2.01
2023-06-21,36.82,1490.98,49.21,2.58
2023-06-22,37.41,1490.86,49.16,3.16
2023-06-23,37.34,1490.17,48.97,2.03
2023-06-24,37.44,1489.54,49.06,3.03
2023-06-25,36.72,1489.45,48.96,2.28
2023-06-26,36.44,1488.71,49.1,3.38
2023-06-27,37.53,1488.45,48.89,2.32
2023-06-28,37.97,1486.6,49.25,2.08
2023-06-29,36.7,1486.87,49.08,2.84
2023-06-30,38.01,1486.92,49.13,2.28
2023-07-01,37.36,1486.15,49.3,2.08
2023-07-02,37.22,1486.86,49.2,2.26
2023-07-03,37.06,1487.85,49.38,2.48
2023-07-04,36.52,1486.29,49.14,3.17
2023-07-05,37.72,1485.58,49.44,1.53
2023-07-06,36.83,1484.86,49.46,2.51
2023-07-07,36.8,1483.97,49.35,2.81
2023-07-08,37.7,1484.85,49.3,2.6
2023-07-09,36.28,1484.71,49.47,3.15
2023-07-10,36.44,1484.49,49.36,2.46
2023-07-11,37.15,1482.54,49.22,2.41
2023-07-12,37.31,1483.22,49.19,2.8
2023-07-13,37.37,1482.03,48.96,2.55
2023-07-14,37.01,1482.14,49.34,2.3
2023-07-15,38.43,1482.47,49.23,2.76
2023-07-16,37.09,1483.88,49.41,2.17
2023-07-17,37.07,1482.62,49.46,2.19
2023-07-18,36.72,1479.65,49.27,2.24
2023-07-19,37.19,1479.89,49.28,3.18
2023-07-20,37.48,1481.74,49.45,1.5
2023-07-21,37.79,1483.03,49.42,2.7
2023-07-22,36.47,1483.29,49.67,2.52
2023-07-23,37.11,1482.84,49.88,1.66
2023-07-24,37.49,1483.7,50.08,2.65
2023-07-25,37.53,1482.78,50.0,2.74
2023-07-26,37.23,1483.3,49.79,2.79
2023-07-27,37.5,1483.86,49.68,1.5
2023-07-28,36.84,1484.97,49.73,3.18
2023-07-29,38.08,1487.78,49.85,2.13
2023-07-30,37.76,1488.22,49.42,2.84
2023-07-31,36.59,1487.76,49.43,2.87
2023-08-01,36.73,1487.79,49.47,2.06
2023-08-02,36.71,1486.07,49.43,2.83
2023-08-03,37.59,1485.42,49.69,2.31
2023-08-04,36.61,1485.06,49.79,1.5
2023-08-05,37.11,1484.59,50.06,3.08
2023-08-06,37.5,1484.79,50.03,2.11
2023-08-07,37.25,1484.02,50.23,2.07
2023-08-08,37.46,1485.19,50.56,2.3
2023-08-09,36.83,1485.24,50.83,2.64
2023-08-10,37.64,1485.28,50.63,2.47
2023-08-11,37.03,1485.0,50.59,2.77
2023-08-12,37.17,1485.21,50.53,1.83
2023-08-13,37.47,1486.08,50.63,2.13
2023-08-14,37.41,1485.27,50.78,2.44
2023-08-15,37.34,1484.66,50.62,3.45
2023-08-16,36.96,1484.41,50.65,2.44
2023-08-17,37.12,1483.11,50.25,3.04
2023-08-18,37.29,1482.34,50.55,2.52
2023-08-19,36.59,1481.91,50.46,2.26
2023-08-20,37.06,1482.84,50.48,2.38
2023-08-21,37.48,1483.15,50.43,2.42
2023-08-22,36.68,1483.39,50.67,2.8
2023-08-23,37.85,1484.3,50.11,3.19
2023-08-24,37.91,1484.21,50.12,2.68
2023-08-25,36.66,1484.65,50.11,3.09
2023-08-26,37.95,1484.6,50.03,2.02
2023-08-27,37.24,1484.91,50.38,2.29
2023-08-28,37.5,1484.38,50.21,2.14
2023-08-29,37.02,1481.99,50.38,2.66
2023-08-30,37.74,1481.9,50.46,2.32
2023-08-31,37.53,1483.38,50.72,2.86
2023-09-01,36.92,1484.35,50.6,2.03
2023-09-02,36.74,1485.37,50.46,2.52
2023-09-03,36.64,1486.66,50.69,2.84
2023-09-04,37.47,1486.79,50.79,1.5
2023-09-05,37.64,1487.04,50.49,3.56
2023-09-06,37.66,1486.47,50.39,2.36
2023-09-07,37.28,1486.21,50.48,1.5
2023-09-08,36.79,1486.87,50.65,2.58
2023-09-09,37.03,1488.13,50.53,2.52
2023-09-10,37.89,1488.04,49.95,2.46
2023-09-11,37.08,1487.64,50.07,3.0
2023-09-12,37.37,1487.69,49.83,2.87
2023-09-13,36.73,1488.34,49.44,2.65
2023-09-14,37.36,1486.95,48.89,2.73
2023-09-15,36.95,1484.7,49.06,2.45
2023-09-16,37.7,1484.2,49.09,3.39
2023-09-17,37.54,1483.03,49.06,1.76
2023-09-18,36.93,1482.57,49.35,2.57
2023-09-19,37.12,1482.47,49.48,2.53
2023-09-20,36.94,1482.07,49.82,2.91
2023-09-21,36.5,1483.57,49.55,2.08
2023-09-22,36.79,1483.95,49.55,1.63
2023-09-23,37.29,1484.3,49.24,2.58
2023-09-24,37.36,1484.97,49.2,2.64
2023-09-25,37.25,1483.88,49.16,3.24
2023-09-26,37.05,1484.97,49.3,1.86
2023-09-27,37.67,1484.95,49.32,3.08
2023-09-28,37.26,1485.67,49.45,3.68
2023-09-29,37.58,1484.64,49.6,2.31
2023-09-30,36.36,1483.14,50.04,1.85
2023-10-01,35.3,1484.01,49.99,2.3
2023-10-02,37.39,1484.43,49.81,2.51
2023-10-03,36.53,1483.58,49.87,2.78
2023-10-04,37.11,1482.76,49.72,2.2
2023-10-05,37.11,1483.94,50.03,3.28
2023-10-06,38.03,1482.8,49.98,1.94
2023-10-07,37.46,1484.49,49.88,1.63
2023-10-08,37.32,1483.64,49.79,3.05
2023-10-09,37.68,1484.33,49.95,1.5
2023-10-10,37.44,1484.05,49.93,2.4
2023-10-11,37.02,1484.7,49.81,4.06
2023-10-12,37.81,1484.21,50.15,2.49
2023-10-13,36.71,1484.1,49.99,1.94
2023-10-14,37.43,1484.19,50.01,2.47
2023-10-15,36.49,1483.24,50.15,2.47
2023-10-16,37.35,1484.03,49.83,2.58
2023-10-17,37.34,1483.56,49.94,2.83
2023-10-18,38.06,1483.38,49.74,1.98
2023-10-19,36.45,1482.44,49.91,3.34
2023-10-20,36.87,1479.93,49.73,2.62
2023-10-21,37.6,1479.79,49.88,2.86
2023-10-22,37.41,1482.25,50.11,2.19
2023-10-23,37.37,1483.08,50.29,3.14
2023-10-24,36.8,1483.11,50.35,2.37
2023-10-25,36.98,1482.9,50.31,2.64
2023-10-26,37.89,1482.97,50.21,2.03
2023-10-27,37.28,1483.57,50.51,2.0
2023-10-28,37.46,1482.44,50.38,2.84
2023-10-29,37.21,1483.6,50.18,2.28
2023-10-30,36.71,1484.37,50.33,2.07
2023-10-31,37.76,1485.14,50.18,2.18
2023-11-01,37.54,1485.63,50.0,2.85
2023-11-02,38.41,1485.7,49.72,2.19
2023-11-03,36.75,1486.42,49.63,2.44
2023-11-04,37.68,1487.06,49.63,2.51
2023-11-05,36.61,1486.76,49.69,1.54
2023-11-06,37.36,1486.23,49.89,1.76
2023-11-07,37.78,1486.39,50.0,2.67
2023-11-08,36.28,1487.98,49.97,2.13
2023-11-09,37.19,1486.8,49.94,3.03
2023-11-10,37.0,1485.38,50.06,2.98
2023-11-11,36.96,1485.59,50.32,2.86
2023-11-12,37.51,1485.69,50.36,3.41
2023-11-13,37.88,1485.92,50.27,2.46
2023-11-14,37.23,1486.21,50.08,2.82
2023-11-15,37.37,1486.04,49.8,2.21
2023-11-16,37.37,1487.58,49.95,3.73
2023-11-17,37.3,1486.03,50.07,3.49
2023-11-18,36.75,1485.25,50.2,2.51
2023-11-19,37.85,1485.19,50.18,2.69
2023-11-20,37.45,1483.6,50.47,3.18
2023-11-21,37.49,1483.48,50.39,2.43
2023-11-22,36.93,1485.19,50.59,2.17
2023-11-23,37.11,1485.26,50.59,2.94
2023-11-24,37.24,1485.54,50.48,2.54
2023-11-25,36.56,1484.33,50.61,2.59
2023-11-26,36.48,1483.76,50.7,2.08
2023-11-27,37.03,1483.44,50.78,1.64
2023-11-28,37.59,1483.17,50.81,2.62
2023-11-29,37.02,1484.5,50.81,2.95
2023-11-30,36.9,1485.11,51.3,2.39
2023-12-01,37.01,1484.05,51.54,3.22
2023-12-02,37.21,1484.34,51.7,2.15
2023-12-03,37.27,1484.89,51.73,1.97
2023-12-04,38.57,1486.08,51.94,2.47
2023-12-05,38.05,1487.71,52.06,2.46
2023-12-06,38.02,1486.75,52.07,2.88
2023-12-07,38.08,1485.99,52.02,2.11
2023-12-08,36.97,1484.78,52.01,3.18
2023-12-09,36.8,1484.6,51.39,3.48
2023-12-10,36.87,1485.11,51.44,2.48
2023-12-11,38.09,1486.15,51.35,3.12
2023-12-12,37.19,1486.12,51.68,1.97
2023-12-13,36.83,1485.85,51.7,3.04
2023-12-14,37.22,1486.05,51.47,3.02
2023-12-15,37.31,1485.27,51.47,2.93
2023-12-16,37.57,1487.41,51.27,2.49
2023-12-17,37.55,1485.85,51.37,1.5
2023-12-18,37.02,1486.09,51.44,2.18
2023-12-19,37.83,1488.16,51.64,2.19
2023-12-20,37.15,1488.22,51.5,2.01
2023-12-21,37.39,1488.08,51.51,2.56
2023-12-22,37.78,1487.77,51.25,2.29
2023-12-23,37.13,1487.64,51.4,2.09
2023-12-24,37.2,1489.06,51.51,1.97
2023-12-25,37.76,1486.9,51.62,2.14
2023-12-26,37.06,1488.48,51.63,3.06
2023-12-27,37.29,1487.11,51.73,2.17
2023-12-28,37.79,1486.89,52.06,2.24
2023-12-29,38.53,1486.51,52.01,2.27
2023-12-30,37.81,1487.15,52.05,2.67
2023-12-31,37.7,1485.6,51.84,2.73
2024-01-01,37.72,1486.12,51.68,1.5
2024-01-02,36.96,1488.19,51.71,3.01
2024-01-03,37.55,1486.88,51.94,3.22
2024-01-04,37.48,1487.12,51.9,1.97
2024-01-05,37.64,1486.5,51.86,2.01
2024-01-06,37.54,1486.98,51.79,2.27
2024-01-07,37.66,1487.05,51.69,2.12
2024-01-08,37.32,1486.46,51.76,2.61
2024-01-09,37.48,1487.0,51.47,1.53
2024-01-10,36.89,1488.85,51.74,1.94
2024-01-11,37.33,1488.71,51.61,3.27
2024-01-12,38.21,1489.48,51.77,2.04
2024-01-13,37.64,1488.24,51.52,3.12
2024-01-14,37.47,1487.33,51.67,2.68
2024-01-15,38.45,1487.85,51.81,1.6
2024-01-16,36.85,1489.39,51.9,2.82
2024-01-17,36.96,1489.79,51.71,2.44
2024-01-18,38.38,1489.53,51.77,2.27
2024-01-19,37.52,1489.58,51.54,2.62
2024-01-20,37.35,1488.38,51.5,2.74
2024-01-21,36.91,1489.03,51.72,2.85
2024-01-22,37.76,1489.96,51.89,3.09
2024-01-23,37.81,1489.56,51.9,2.7
2024-01-24,36.96,1489.14,51.72,1.81
2024-01-25,37.46,1489.46,51.85,2.26
2024-01-26,37.36,1489.07,51.87,3.97
2024-01-27,37.61,1489.06,51.41,2.86
2024-01-28,36.97,1491.21,51.58,3.68
2024-01-29,38.15,1491.01,51.59,3.2
2024-01-30,38.0,1490.7,51.84,2.62
2024-01-31,37.33,1490.1,51.63,2.65
2024-02-01,37.36,1490.9,51.0,2.48
2024-02-02,37.4,1490.77,51.07,1.63
2024-02-03,37.08,1490.17,51.14,2.51
2024-02-04,37.23,1491.54,50.81,3.11
2024-02-05,37.32,1493.01,50.62,2.2
2024-02-06,38.31,1492.46,51.18,2.71
2024-02-07,37.95,1490.64,51.13,2.93
2024-02-08,37.97,1491.7,51.29,2.05
2024-02-09,37.67,1491.06,51.17,2.27
2024-02-10,36.9,1491.9,50.76,1.99
2024-02-11,37.4,1489.98,50.74,2.09
2024-02-12,37.92,1490.93,50.69,1.86
2024-02-13,36.78,1489.76,50.62,2.05
2024-02-14,37.74,1490.55,50.61,3.21
2024-02-15,38.59,1490.61,50.67,2.04
2024-02-16,37.94,1489.71,50.65,2.56
2024-02-17,38.09,1489.35,50.41,2.25
2024-02-18,37.51,1490.08,50.52,3.09
2024-02-19,37.85,1490.24,50.14,3.16
2024-02-20,36.98,1490.88,49.74,2.93
2024-02-21,37.78,1492.9,49.9,2.65
2024-02-22,37.7,1491.39,50.01,2.38
2024-02-23,37.54,1493.05,50.01,1.9
2024-02-24,38.03,1493.21,49.74,3.47
2024-02-25,37.08,1492.36,49.6,2.12
2024-02-26,37.23,1491.08,49.56,2.83
2024-02-27,37.34,1490.94,49.25,3.03
2024-02-28,36.78,1491.91,49.12,2.22
2024-02-29,37.42,1491.83,49.26,3.02
2024-03-01,36.5,1493.4,49.55,2.88
2024-03-02,37.85,1491.99,49.48,3.36
2024-03-03,37.37,1492.03,49.64,2.27
2024-03-04,37.03,1490.83,49.27,1.86
2024-03-05,36.89,1491.24,49.41,2.25
2024-03-06,37.19,1492.18,49.26,2.6
2024-03-07,37.65,1491.81,49.33,2.53
2024-03-08,37.54,1489.26,49.29,2.3
2024-03-09,36.95,1489.5,49.56,1.55
2024-03-10,36.87,1489.99,49.4,2.74
2024-03-11,37.64,1490.45,49.53,3.49
2024-03-12,36.96,1491.73,49.49,2.73
2024-03-13,37.34,1490.71,49.47,2.8
2024-03-14,37.38,1491.44,49.44,2.79
2024-03-15,37.47,1492.68,49.28,2.7
2024-03-16,37.72,1490.95,49.29,2.97
2024-03-17,36.67,1491.32,49.28,2.7
2024-03-18,36.34,1490.87,49.34,2.34
2024-03-19,37.02,1490.84,49.37,2.1
2024-03-20,38.22,1491.24,49.54,2.38
2024-03-21,38.35,1490.8,49.73,2.66
2024-03-22,38.22,1490.17,49.53,2.34
2024-03-23,37.23,1490.26,49.72,2.66
2024-03-24,36.4,1489.22,49.49,2.72
2024-03-25,36.11,1488.18,49.62,2.92
2024-03-26,37.0,1488.91,49.75,3.14
2024-03-27,37.16,1487.82,49.38,2.54
2024-03-28,37.92,1488.53,49.41,1.85
2024-03-29,37.7,1489.04,49.32,2.33
2024-03-30,37.34,1487.37,49.18,2.52
2024-03-31,36.8,1486.74,49.46,1.58
2024-04-01,36.77,1487.98,49.34,3.19
2024-04-02,37.35,1487.05,49.19,2.57
2024-04-03,37.57,1486.64,49.22,2.69
2024-04-04,37.44,1487.15,49.36,3.18
2024-04-05,36.74,1487.98,49.35,2.18
2024-04-06,37.6,1487.78,49.59,2.79
2024-04-07,37.49,1487.24,49.7,2.45
2024-04-08,36.72,1488.71,49.28,2.41
2024-04-09,36.88,1490.5,49.18,2.11
2024-04-10,37.63,1491.53,49.08,3.33
2024-04-11,37.18,1491.66,49.19,2.31
2024-04-12,38.03,1490.9,48.67,2.85
2024-04-13,37.52,1490.12,49.19,1.56
2024-04-14,37.05,1490.69,49.31,3.09
2024-04-15,37.3,1491.16,49.35,3.03
2024-04-16,37.38,1492.61,49.59,2.55
2024-04-17,37.04,1493.32,50.07,2.39
2024-04-18,36.95,1491.86,50.26,2.7
2024-04-19,37.79,1492.96,50.46,3.64
2024-04-20,37.85,1492.02,50.49,1.62
2024-04-21,37.72,1491.68,50.47,2.89
2024-04-22,38.18,1491.98,50.39,2.04
2024-04-23,37.16,1494.03,50.23,2.49
2024-04-24,38.31,1497.19,50.11,2.38
2024-04-25,37.0,1497.84,49.85,2.29
2024-04-26,36.94,1497.71,49.84,2.49
2024-04-27,36.55,1498.3,49.51,1.93
2024-04-28,37.22,1499.23,49.56,3.01
2024-04-29,37.19,1498.96,49.56,1.6
2024-04-30,37.74,1500.81,49.6,2.77
2024-05-01,37.59,1501.09,49.51,2.34
2024-05-02,36.94,1501.64,50.14,1.91
2024-05-03,37.38,1502.35,50.42,2.6
2024-05-04,37.37,1502.82,50.18,1.72
2024-05-05,36.69,1503.71,50.23,2.52
2024-05-06,37.07,1503.15,50.12,1.79
2024-05-07,37.15,1502.64,49.93,2.73
2024-05-08,38.21,1501.59,49.67,2.04
2024-05-09,37.6,1502.08,49.77,2.27
2024-05-10,37.84,1502.91,49.64,2.65
2024-05-11,36.79,1503.41,49.85,2.11
2024-05-12,38.18,1505.14,50.05,2.47
2024-05-13,38.26,1505.18,50.34,1.74
2024-05-14,36.61,1505.9,50.18,2.82
2024-05-15,37.25,1504.86,50.28,3.38
2024-05-16,37.86,1504.52,50.42,3.9
2024-05-17,37.93,1505.27,50.34,2.55
2024-05-18,37.27,1506.17,50.19,2.89
2024-05-19,37.49,1505.92,50.52,1.61
2024-05-20,37.35,1505.9,50.58,3.25
2024-05-21,37.69,1504.43,50.72,2.89
2024-05-22,38.22,1504.13,50.56,2.26
2024-05-23,37.22,1505.07,50.33,3.12
2024-05-24,38.11,1505.69,50.22,2.37
2024-05-25,37.22,1506.24,50.21,2.27
2024-05-26,37.17,1506.34,50.01,2.74
2024-05-27,38.01,1506.4,50.01,1.97
2024-05-28,38.02,1505.79,49.69,3.01
2024-05-29,37.97,1506.54,49.47,1.97
2024-05-30,36.91,1507.01,49.62,1.97
2024-05-31,37.36,1507.55,49.75,2.05
2024-06-01,37.99,1507.07,49.68,2.88
2024-06-02,37.54,1504.97,49.49,2.19
2024-06-03,36.98,1506.12,49.29,1.83
2024-06-04,37.74,1505.69,49.23,2.2
2024-06-05,37.15,1504.88,49.36,2.48
2024-06-06,38.44,1505.62,49.56,1.91
2024-06-07,38.3,1505.28,49.47,1.92
2024-06-08,37.82,1506.39,49.25,3.56
2024-06-09,38.22,1507.06,49.31,2.07
2024-06-10,37.57,1507.79,49.16,2.34
2024-06-11,37.89,1506.47,49.07,2.32
2024-06-12,38.29,1507.73,49.34,2.29
2024-06-13,37.7,1508.05,49.52,2.81
2024-06-14,37.44,1507.73,49.56,2.97
2024-06-15,36.7,1507.92,49.31,2.35
2024-06-16,37.49,1506.19,49.37,1.88
2024-06-17,37.97,1506.65,49.59,3.14
2024-06-18,38.01,1505.67,49.52,2.45
2024-06-19,37.8,1504.37,49.8,3.37
2024-06-20,37.28,1502.9,50.07,1.5
2024-06-21,36.61,1504.06,50.41,2.6
2024-06-22,37.35,1503.48,50.49,3.46
2024-06-23,37.49,1505.07,50.61,2.32
2024-06-24,37.5,1504.58,50.91,2.39
2024-06-25,37.95,1502.92,51.01,2.65
2024-06-26,38.61,1501.86,50.91,2.22
2024-06-27,37.69,1503.14,50.84,2.34
2024-06-28,37.53,1503.04,50.89,2.33
2024-06-29,37.47,1502.54,50.64,2.19
2024-06-30,37.67,1502.75,50.63,3.11
2024-07-01,37.22,1503.3,50.86,2.73
2024-07-02,37.67,1504.47,50.43,2.63
2024-07-03,37.89,1505.96,50.74,2.9
2024-07-04,37.79,1505.66,50.98,2.37
2024-07-05,37.88,1504.38,50.9,2.11
2024-07-06,37.88,1504.02,51.02,2.2
2024-07-07,36.78,1504.33,51.03,2.5
2024-07-08,38.0,1503.41,51.28,1.97
2024-07-09,37.35,1502.5,51.49,2.25
2024-07-10,37.12,1502.9,51.22,2.24
2024-07-11,37.13,1502.9,51.35,3.56
2024-07-12,37.89,1502.98,51.31,1.5
2024-07-13,37.56,1502.27,51.34,2.41
2024-07-14,36.81,1502.09,51.21,3.36
2024-07-15,37.91,1501.22,51.57,2.56
2024-07-16,36.99,1502.16,51.78,2.88
2024-07-17,37.78,1503.25,51.65,2.55
2024-07-18,37.78,1501.45,51.39,2.17
2024-07-19,38.08,1500.57,51.32,1.5
2024-07-20,38.52,1499.12,51.42,2.6
2024-07-21,36.94,1498.52,51.48,2.11
2024-07-22,37.62,1498.49,51.74,2.1
2024-07-23,37.51,1497.09,51.9,2.25
2024-07-24,37.87,1496.22,52.11,3.37
2024-07-25,37.76,1495.26,52.18,3.7
2024-07-26,37.45,1495.52,51.92,2.61
2024-07-27,37.4,1495.64,51.89,2.27
2024-07-28,37.08,1494.97,52.11,1.91
2024-07-29,38.13,1495.2,52.11,2.73
2024-07-30,37.87,1494.7,52.22,3.39
2024-07-31,38.09,1494.48,52.17,2.38
2024-08-01,37.48,1496.2,51.97,1.5
2024-08-02,37.33,1497.59,51.96,2.84
2024-08-03,37.11,1496.34,52.03,2.99
2024-08-04,37.83,1497.22,51.91,1.71
2024-08-05,37.14,1498.08,51.87,2.59
2024-08-06,38.55,1496.98,51.69,2.73
2024-08-07,37.01,1497.85,51.92,2.46
2024-08-08,37.82,1499.44,51.88,2.1
2024-08-09,38.48,1498.37,52.18,3.01
2024-08-10,38.01,1497.5,52.49,2.3
2024-08-11,37.81,1498.57,52.49,1.76
2024-08-12,37.23,1498.89,52.29,1.5
2024-08-13,36.99,1499.49,51.89,3.13
2024-08-14,38.04,1499.88,51.6,2.81
2024-08-15,38.39,1500.32,51.34,2.54
2024-08-16,37.43,1499.05,51.62,2.28
2024-08-17,37.1,1500.14,51.66,2.24
2024-08-18,36.47,1501.36,51.74,1.96
2024-08-19,37.16,1501.18,51.31,2.28
2024-08-20,37.57,1501.19,51.08,1.5
2024-08-21,38.42,1499.71,51.27,2.13
2024-08-22,37.97,1500.27,51.34,2.34
2024-08-23,37.8,1500.9,51.32,2.8
2024-08-24,37.46,1500.88,51.44,2.48
2024-08-25,37.42,1502.06,51.78,2.9
2024-08-26,38.4,1501.77,51.74,3.17
2024-08-27,37.81,1502.39,51.77,3.03
2024-08-28,36.65,1501.42,51.81,2.74
2024-08-29,37.42,1501.45,52.3,2.51
2024-08-30,37.28,1501.32,51.89,2.01
2024-08-31,37.45,1501.6,52.04,2.87
2024-09-01,38.0,1501.28,52.03,3.34
2024-09-02,37.68,1501.2,52.15,2.67
2024-09-03,37.7,1502.07,52.03,3.46
2024-09-04,38.38,1501.68,52.03,1.74
2024-09-05,37.37,1500.13,52.18,1.92
2024-09-06,38.74,1501.93,52.81,2.93
2024-09-07,37.51,1503.36,52.99,2.63
2024-09-08,37.86,1502.12,52.83,3.16
2024-09-09,37.68,1502.86,52.75,2.49
2024-09-10,37.86,1502.4,52.67,2.07
2024-09-11,38.0,1502.72,52.32,2.39
2024-09-12,37.99,1503.06,52.27,1.73
2024-09-13,37.41,1502.88,52.42,1.94
2024-09-14,37.19,1502.14,52.18,2.99
2024-09-15,39.01,1501.5,52.4,2.94
2024-09-16,37.52,1500.64,52.5,2.68
2024-09-17,38.08,1499.85,52.37,1.64
2024-09-18,36.93,1499.84,52.35,2.32
2024-09-19,37.62,1499.17,52.68,1.89
2024-09-20,37.72,1499.9,52.84,3.09
2024-09-21,38.04,1501.44,52.85,2.21
2024-09-22,36.43,1500.91,52.81,1.96
2024-09-23,37.88,1501.2,52.83,2.51
2024-09-24,37.23,1501.75,52.74,2.18
2024-09-25,37.93,1502.27,52.33,3.24
2024-09-26,37.29,1502.4,52.75,2.13
2024-09-27,37.4,1503.19,52.79,1.8
2024-09-28,37.71,1503.72,52.88,1.5
2024-09-29,37.3,1502.54,52.88,2.48
2024-09-30,37.59,1503.45,52.74,2.22
2024-10-01,37.24,1504.39,52.71,1.79
2024-10-02,36.88,1503.68,52.4,3.09
2024-10-03,38.35,1503.77,52.87,2.83
2024-10-04,37.18,1504.5,52.63,2.49
2024-10-05,37.72,1504.34,52.44,3.18
2024-10-06,38.19,1505.46,52.36,2.83
2024-10-07,37.57,1507.88,52.63,2.09
2024-10-08,37.46,1507.14,52.64,1.98
2024-10-09,37.94,1505.81,52.4,2.91
2024-10-10,38.42,1506.16,52.66,2.7
2024-10-11,37.3,1506.94,52.82,2.58
2024-10-12,37.82,1506.75,52.94,2.08
2024-10-13,37.07,1508.26,53.09,2.8
2024-10-14,37.77,1506.97,53.58,2.12
2024-10-15,38.04,1507.71,54.03,2.45
2024-10-16,37.57,1507.16,53.9,3.22
2024-10-17,37.83,1508.93,54.23,2.17
2024-10-18,37.39,1510.97,54.32,1.71
2024-10-19,38.14,1510.25,54.43,1.97
2024-10-20,38.58,1509.75,54.1,3.0
2024-10-21,37.52,1510.66,54.08,2.63
2024-10-22,37.74,1510.32,53.92,2.44
2024-10-23,38.32,1510.33,54.1,2.25
2024-10-24,38.69,1510.4,54.32,2.74
2024-10-25,37.27,1508.53,53.92,2.08
2024-10-26,37.94,1508.57,53.93,2.65
2024-10-27,38.18,1507.93,54.16,2.13
2024-10-28,37.97,1507.49,54.13,2.05
2024-10-29,36.83,1508.98,54.29,2.18
2024-10-30,38.3,1507.78,54.37,2.31
2024-10-31,38.83,1508.64,54.45,2.48
2024-11-01,38.12,1508.41,54.4,2.62
2024-11-02,37.52,1508.18,54.17,1.5
2024-11-03,37.77,1509.02,53.95,2.1
2024-11-04,38.94,1509.41,54.11,2.3
2024-11-05,38.52,1510.03,54.12,3.25
2024-11-06,38.4,1511.05,54.1,1.96
2024-11-07,38.24,1510.77,54.03,2.58
2024-11-08,37.72,1510.21,53.98,3.25
2024-11-09,37.96,1509.17,54.2,1.84
2024-11-10,38.0,1508.39,54.14,2.7
2024-11-11,38.33,1511.39,53.88,2.1
2024-11-12,38.85,1512.69,54.04,2.25
2024-11-13,38.63,1511.39,54.01,2.1
2024-11-14,37.34,1510.12,54.03,2.13
2024-11-15,38.21,1510.65,54.36,3.86
2024-11-16,38.47,1511.24,54.36,2.92
2024-11-17,38.43,1511.84,54.43,3.05
2024-11-18,37.78,1511.64,54.2,2.75
2024-11-19,39.55,1511.56,54.17,1.7
2024-11-20,37.47,1511.94,54.3,2.7
2024-11-21,37.54,1512.08,54.0,3.04
2024-11-22,38.17,1509.91,54.05,2.07
2024-11-23,39.11,1509.73,54.08,2.98
2024-11-24,37.63,1508.93,54.1,2.85
2024-11-25,37.94,1509.15,54.32,3.43
2024-11-26,38.66,1512.19,54.39,2.29
2024-11-27,38.15,1512.6,54.7,1.95
2024-11-28,37.97,1512.34,54.51,2.32
2024-11-29,38.44,1513.31,54.55,3.22
2024-11-30,38.3,1513.84,54.58,1.59
2024-12-01,38.67,1514.31,54.37,1.5
2024-12-02,38.83,1514.97,54.57,2.54
2024-12-03,38.41,1517.08,55.05,2.28
2024-12-04,38.39,1516.0,55.05,2.5
2024-12-05,38.37,1516.52,55.17,2.97
2024-12-06,38.5,1515.64,55.19,2.22
2024-12-07,38.28,1516.25,55.06,1.56
2024-12-08,38.2,1515.38,54.71,3.52
2024-12-09,38.78,1515.01,54.57,2.0
2024-12-10,38.91,1514.77,54.31,1.97
2024-12-11,37.45,1515.79,54.66,3.05
2024-12-12,38.22,1516.76,54.64,2.31
2024-12-13,37.85,1515.57,54.58,2.47
2024-12-14,38.06,1515.67,54.77,2.74
2024-12-15,38.38,1515.01,54.56,3.04
2024-12-16,38.48,1513.8,54.41,2.33
2024-12-17,38.09,1513.64,54.44,3.26
2024-12-18,37.21,1513.38,54.65,1.5
2024-12-19,37.73,1515.86,54.76,2.88
2024-12-20,38.68,1516.34,54.82,2.08
2024-12-21,36.84,1515.01,54.85,3.19
2024-12-22,38.81,1514.5,54.94,2.57
2024-12-23,38.49,1515.57,54.99,2.16
2024-12-24,38.9,1517.71,54.79,2.83
2024-12-25,38.12,1516.17,54.81,2.95
2024-12-26,37.15,1514.34,54.61,2.82
2024-12-27,38.42,1516.26,54.63,1.99
2024-12-28,38.84,1516.7,54.55,2.26
2024-12-29,38.71,1515.88,55.07,2.5
2024-12-30,37.92,1516.47,55.07,2.48
2024-12-31,38.23,1513.88,54.8,2.87
